quarter,slctn_nmbr,cluster,npo_sum,age,clnt_id,moex,rgb_price,employ
2005-01-01,0,0,1926.81,53.0,12,24524517053.0,11362.0,5666.0
2005-01-01,0,3,67464.22,53.73575129533679,193,24524517053.0,11362.0,5666.0
2005-01-01,1,0,610404.7,64.62381300219138,1369,24524517053.0,11362.0,5666.0
2005-01-01,1,1,16968.64,56.76190476190476,42,24524517053.0,11362.0,5666.0
2005-01-01,1,2,6050.32,50.2,20,24524517053.0,11362.0,5666.0
2005-01-01,1,3,10220712.79,60.6599348534202,1535,24524517053.0,11362.0,5666.0
2005-01-01,2,0,1219.5,56.5,6,24524517053.0,11362.0,5666.0
2005-01-01,2,1,90730.8,59.075129533678755,386,24524517053.0,11362.0,5666.0
2005-01-01,2,2,471563.38,65.50551470588235,1632,24524517053.0,11362.0,5666.0
2005-01-01,2,3,9347330.1,58.3054017802707,41005,24524517053.0,11362.0,5666.0
2005-04-01,0,0,1918.6799999999998,53.81818181818182,11,15328384030.0,11288.0,5666.0
2005-04-01,0,1,154.47,62.0,1,15328384030.0,11288.0,5666.0
2005-04-01,0,2,2439.0,69.0,6,15328384030.0,11288.0,5666.0
2005-04-01,0,3,66658.49,52.69607843137255,204,15328384030.0,11288.0,5666.0
2005-04-01,1,0,702637.86,63.808617795187466,1787,15328384030.0,11288.0,5666.0
2005-04-01,1,1,21955.21,55.75,40,15328384030.0,11288.0,5666.0
2005-04-01,1,2,97178.06,53.30434782608695,23,15328384030.0,11288.0,5666.0
2005-04-01,1,3,21915055.169999998,57.839481555334,2006,15328384030.0,11288.0,5666.0
2005-04-01,2,0,1138.2,54.0,7,15328384030.0,11288.0,5666.0
2005-04-01,2,1,94633.21,58.923857868020306,394,15328384030.0,11288.0,5666.0
2005-04-01,2,2,450410.96,65.25248756218906,1608,15328384030.0,11288.0,5666.0
2005-04-01,2,3,14571123.64,58.21877716603883,41412,15328384030.0,11288.0,5666.0
2005-07-01,0,0,3733287.88,60.16025426564068,2989,11720423000.0,11283.0,5666.0
2005-07-01,0,1,375836.0,55.33519553072626,179,11720423000.0,11283.0,5666.0
2005-07-01,0,2,3215540.13,60.416666666666664,1968,11720423000.0,11283.0,5666.0
2005-07-01,0,3,226796248.52,57.92637947584281,34379,11720423000.0,11283.0,5666.0
2005-07-01,1,0,9215418.32,64.1975553353155,3027,11720423000.0,11283.0,5666.0
2005-07-01,1,1,7624721.46,67.06315789473685,950,11720423000.0,11283.0,5666.0
2005-07-01,1,2,3571550.38,49.30845070422535,710,11720423000.0,11283.0,5666.0
2005-07-01,1,3,114637892.15,63.64927385892116,9640,11720423000.0,11283.0,5666.0
2005-07-01,2,0,2965.95,58.0,12,11720423000.0,11283.0,5666.0
2005-07-01,2,1,118047.72,59.413366336633665,404,11720423000.0,11283.0,5666.0
2005-07-01,2,2,871539.89,64.77815369743837,2069,11720423000.0,11283.0,5666.0
2005-07-01,2,3,13078843.74,58.04266391617244,42659,11720423000.0,11283.0,5666.0
2005-07-01,3,1,76848.76,84.0,1,11720423000.0,11283.0,5666.0
2005-07-01,3,2,1223566.55,69.73575129533678,193,11720423000.0,11283.0,5666.0
2005-07-01,3,3,7732.71,47.0,3,11720423000.0,11283.0,5666.0
2005-10-01,0,0,1561379.59,59.869251143751505,4153,1734783888.0,11582.0,5666.0
2005-10-01,0,1,276882.82,56.07232704402516,318,1734783888.0,11582.0,5666.0
2005-10-01,0,2,573920.38,61.527287993282954,2382,1734783888.0,11582.0,5666.0
2005-10-01,0,3,21774583.38,59.20372307048734,38248,1734783888.0,11582.0,5666.0
2005-10-01,1,0,1336486.06,62.1867865790384,2891,1734783888.0,11582.0,5666.0
2005-10-01,1,1,244185.02,58.6479217603912,409,1734783888.0,11582.0,5666.0
2005-10-01,1,2,489243.97,50.42404227212682,757,1734783888.0,11582.0,5666.0
2005-10-01,1,3,15013274.31,55.97766432673899,6268,1734783888.0,11582.0,5666.0
2005-10-01,2,0,18802.28,62.55172413793103,29,1734783888.0,11582.0,5666.0
2005-10-01,2,1,132359.03,59.51724137931034,435,1734783888.0,11582.0,5666.0
2005-10-01,2,2,528108.67,64.68102444703143,1718,1734783888.0,11582.0,5666.0
2005-10-01,2,3,13518791.3,57.86706760218287,44895,1734783888.0,11582.0,5666.0
2005-10-01,3,2,2520.31,60.44444444444444,9,1734783888.0,11582.0,5666.0
2005-10-01,3,3,1207.31,57.0,1,1734783888.0,11582.0,5666.0
2006-01-01,0,0,1312027.38,59.31098741529526,4132,59438724307.0,11794.0,5242.0
2006-01-01,0,1,311208.7,56.69275362318841,345,59438724307.0,11794.0,5242.0
2006-01-01,0,2,632395.86,61.34326479227864,2383,59438724307.0,11794.0,5242.0
2006-01-01,0,3,26616376.95,58.94681661717949,38057,59438724307.0,11794.0,5242.0
2006-01-01,1,0,1946157.21,62.223076923076924,2990,59438724307.0,11794.0,5242.0
2006-01-01,1,1,390283.35,57.934010152284266,394,59438724307.0,11794.0,5242.0
2006-01-01,1,2,1011283.96,50.35413153456998,593,59438724307.0,11794.0,5242.0
2006-01-01,1,3,17715418.26,56.02954399486191,6228,59438724307.0,11794.0,5242.0
2006-01-01,2,0,130070.0,55.71818181818182,110,59438724307.0,11794.0,5242.0
2006-01-01,2,1,164775.23,59.21507760532151,451,59438724307.0,11794.0,5242.0
2006-01-01,2,2,592366.1,64.5031339031339,1755,59438724307.0,11794.0,5242.0
2006-01-01,2,3,15576321.62,58.12999298484301,47041,59438724307.0,11794.0,5242.0
2006-01-01,3,1,5634.05,61.0,11,59438724307.0,11794.0,5242.0
2006-01-01,3,2,4835.76,56.666666666666664,6,59438724307.0,11794.0,5242.0
2006-01-01,3,3,47825.74,55.648648648648646,37,59438724307.0,11794.0,5242.0
2006-04-01,0,0,1453337.93,59.037293158804644,4049,51132731363.0,11620.0,5242.0
2006-04-01,0,1,227007.65,56.67548076923077,416,51132731363.0,11620.0,5242.0
2006-04-01,0,2,766016.6,60.69156626506024,2490,51132731363.0,11620.0,5242.0
2006-04-01,0,3,22846510.65,58.43152072296666,38508,51132731363.0,11620.0,5242.0
2006-04-01,1,0,2088765.89,62.21367521367522,3042,51132731363.0,11620.0,5242.0
2006-04-01,1,1,967594.49,58.166666666666664,342,51132731363.0,11620.0,5242.0
2006-04-01,1,2,1078574.5,50.16279069767442,473,51132731363.0,11620.0,5242.0
2006-04-01,1,3,20684116.19,55.25516944284894,6964,51132731363.0,11620.0,5242.0
2006-04-01,2,0,140765.69,55.12,125,51132731363.0,11620.0,5242.0
2006-04-01,2,1,198157.28,58.50847457627118,472,51132731363.0,11620.0,5242.0
2006-04-01,2,2,753660.78,63.94739756367663,1806,51132731363.0,11620.0,5242.0
2006-04-01,2,3,16765099.73,57.740504626084075,48313,51132731363.0,11620.0,5242.0
2006-04-01,3,1,17948.62,60.857142857142854,21,51132731363.0,11620.0,5242.0
2006-04-01,3,2,975.6,61.0,6,51132731363.0,11620.0,5242.0
2006-04-01,3,3,183247.14,52.5,114,51132731363.0,11620.0,5242.0
2006-07-01,0,0,1531942.99,58.76816364918881,4253,38027626620.0,11652.0,5242.0
2006-07-01,0,1,1021596.07,56.49744897959184,784,38027626620.0,11652.0,5242.0
2006-07-01,0,2,1364219.09,59.558186062020674,2999,38027626620.0,11652.0,5242.0
2006-07-01,0,3,27065689.59,58.11969585479519,40770,38027626620.0,11652.0,5242.0
2006-07-01,1,0,2085600.07,61.65492957746479,3266,38027626620.0,11652.0,5242.0
2006-07-01,1,1,358041.93,55.66981132075472,424,38027626620.0,11652.0,5242.0
2006-07-01,1,2,1183627.88,49.51946472019465,822,38027626620.0,11652.0,5242.0
2006-07-01,1,3,27643613.61,54.64952359086213,8711,38027626620.0,11652.0,5242.0
2006-07-01,2,0,430052.36,59.69402985074627,268,38027626620.0,11652.0,5242.0
2006-07-01,2,1,265321.81,59.16945996275605,537,38027626620.0,11652.0,5242.0
2006-07-01,2,2,1662283.31,64.06052323311206,2561,38027626620.0,11652.0,5242.0
2006-07-01,2,3,22372476.92,57.557333280200844,50189,38027626620.0,11652.0,5242.0
2006-07-01,3,1,12636.45,56.95,20,38027626620.0,11652.0,5242.0
2006-07-01,3,2,1788.6,59.285714285714285,7,38027626620.0,11652.0,5242.0
2006-07-01,3,3,168201.19999999998,53.247126436781606,174,38027626620.0,11652.0,5242.0
2006-10-01,0,0,1751806.14,58.46303587051619,4572,19672026103.0,11727.0,5242.0
2006-10-01,0,1,498076.22,56.212820512820514,780,19672026103.0,11727.0,5242.0
2006-10-01,0,2,1313679.31,58.242683797287654,4203,19672026103.0,11727.0,5242.0
2006-10-01,0,3,21437821.56,57.674856519470666,42166,19672026103.0,11727.0,5242.0
2006-10-01,1,0,2286490.08,60.72439843312815,3574,19672026103.0,11727.0,5242.0
2006-10-01,1,1,775649.09,53.13421052631579,760,19672026103.0,11727.0,5242.0
2006-10-01,1,2,1260491.96,50.05658536585366,1025,19672026103.0,11727.0,5242.0
2006-10-01,1,3,27745446.58,54.7890625,10880,19672026103.0,11727.0,5242.0
2006-10-01,2,0,449373.68,61.00677966101695,295,19672026103.0,11727.0,5242.0
2006-10-01,2,1,297571.15,58.82142857142857,532,19672026103.0,11727.0,5242.0
2006-10-01,2,2,1233961.0,63.65389527458493,2349,19672026103.0,11727.0,5242.0
2006-10-01,2,3,22964069.37,57.33690684743697,52516,19672026103.0,11727.0,5242.0
2006-10-01,3,0,2778.34,47.57142857142857,7,19672026103.0,11727.0,5242.0
2006-10-01,3,1,32542.61,55.470588235294116,17,19672026103.0,11727.0,5242.0
2006-10-01,3,2,13080.11,62.166666666666664,18,19672026103.0,11727.0,5242.0
2006-10-01,3,3,255148.98,52.53138075313807,239,19672026103.0,11727.0,5242.0
2007-01-01,0,0,1299772.55,58.22760345611642,4398,46039763265.0,11655.0,5250.2
2007-01-01,0,1,474021.88,56.26721763085399,726,46039763265.0,11655.0,5250.2
2007-01-01,0,2,1091567.1,58.062915479582145,4212,46039763265.0,11655.0,5250.2
2007-01-01,0,3,21305016.35,57.40899698358787,42103,46039763265.0,11655.0,5250.2
2007-01-01,1,0,2653929.3,59.208291457286435,3980,46039763265.0,11655.0,5250.2
2007-01-01,1,1,939532.66,51.10149253731343,1005,46039763265.0,11655.0,5250.2
2007-01-01,1,2,1449552.54,49.20357142857143,1400,46039763265.0,11655.0,5250.2
2007-01-01,1,3,22195119.11,54.56105364982513,13439,46039763265.0,11655.0,5250.2
2007-01-01,2,0,988951.9,61.82437275985663,558,46039763265.0,11655.0,5250.2
2007-01-01,2,1,331838.46,59.512068965517244,580,46039763265.0,11655.0,5250.2
2007-01-01,2,2,1661561.51,63.749690721649486,2425,46039763265.0,11655.0,5250.2
2007-01-01,2,3,28847951.36,57.563896891299024,53109,46039763265.0,11655.0,5250.2
2007-01-01,3,0,11131.12,57.096774193548384,31,46039763265.0,11655.0,5250.2
2007-01-01,3,1,18753.56,55.05555555555556,18,46039763265.0,11655.0,5250.2
2007-01-01,3,2,39728.16,69.19117647058823,68,46039763265.0,11655.0,5250.2
2007-01-01,3,3,541953.04,52.093484419263454,353,46039763265.0,11655.0,5250.2
2007-04-01,0,0,1361058.68,58.1407475772958,4334,85815836243.0,11716.0,5250.2
2007-04-01,0,1,432936.5,55.6729986431479,737,85815836243.0,11716.0,5250.2
2007-04-01,0,2,1122725.73,58.07018796098025,4203,85815836243.0,11716.0,5250.2
2007-04-01,0,3,19029088.04,56.989530651793736,42314,85815836243.0,11716.0,5250.2
2007-04-01,1,0,2128909.02,59.29434447300771,3890,85815836243.0,11716.0,5250.2
2007-04-01,1,1,864978.51,51.306976744186045,1075,85815836243.0,11716.0,5250.2
2007-04-01,1,2,1464217.83,49.705479452054796,1460,85815836243.0,11716.0,5250.2
2007-04-01,1,3,20343131.55,54.54179860671311,12632,85815836243.0,11716.0,5250.2
2007-04-01,2,0,1429005.99,62.44694132334582,801,85815836243.0,11716.0,5250.2
2007-04-01,2,1,476656.12,60.42981186685962,691,85815836243.0,11716.0,5250.2
2007-04-01,2,2,1976345.66,63.12528132033008,2666,85815836243.0,11716.0,5250.2
2007-04-01,2,3,28115136.13,57.512557952761654,54786,85815836243.0,11716.0,5250.2
2007-04-01,3,0,20426.8,56.42553191489362,47,85815836243.0,11716.0,5250.2
2007-04-01,3,1,12121.48,53.46153846153846,13,85815836243.0,11716.0,5250.2
2007-04-01,3,2,50034.99,66.0126582278481,79,85815836243.0,11716.0,5250.2
2007-04-01,3,3,624106.1,51.82666666666667,450,85815836243.0,11716.0,5250.2
2007-07-01,0,0,1312801.06,57.83742260949324,4361,63745302759.0,11750.0,5250.2
2007-07-01,0,1,402576.51,55.41874084919473,683,63745302759.0,11750.0,5250.2
2007-07-01,0,2,1053027.19,57.788950811727645,4127,63745302759.0,11750.0,5250.2
2007-07-01,0,3,18183080.53,56.88469385305907,41663,63745302759.0,11750.0,5250.2
2007-07-01,1,0,2230419.6,58.98947110675808,4084,63745302759.0,11750.0,5250.2
2007-07-01,1,1,929090.22,50.67400881057269,1135,63745302759.0,11750.0,5250.2
2007-07-01,1,2,1892327.86,49.17833698030635,1828,63745302759.0,11750.0,5250.2
2007-07-01,1,3,23323985.2,53.82228644829801,15570,63745302759.0,11750.0,5250.2
2007-07-01,2,0,4458015.74,62.99911111111111,2250,63745302759.0,11750.0,5250.2
2007-07-01,2,1,1154944.98,62.06324472960586,1091,63745302759.0,11750.0,5250.2
2007-07-01,2,2,4889320.04,63.10136363636364,4400,63745302759.0,11750.0,5250.2
2007-07-01,2,3,43874834.67,58.40530849899256,63031,63745302759.0,11750.0,5250.2
2007-07-01,3,0,162266.83,58.486486486486484,74,63745302759.0,11750.0,5250.2
2007-07-01,3,1,13514.150000000001,51.166666666666664,12,63745302759.0,11750.0,5250.2
2007-07-01,3,2,536273.22,66.4296875,128,63745302759.0,11750.0,5250.2
2007-07-01,3,3,1639812.8499999999,52.32818532818533,518,63745302759.0,11750.0,5250.2
2007-10-01,0,0,1019442.1799999999,57.70659680876399,4199,35034663471.0,11715.0,5250.2
2007-10-01,0,1,312948.35,55.50332225913621,602,35034663471.0,11715.0,5250.2
2007-10-01,0,2,947321.77,58.060454065469905,3788,35034663471.0,11715.0,5250.2
2007-10-01,0,3,15100442.95,56.74989839463524,39368,35034663471.0,11715.0,5250.2
2007-10-01,1,0,1920025.35,58.306602580318746,3953,35034663471.0,11715.0,5250.2
2007-10-01,1,1,572905.5,50.62282229965157,1148,35034663471.0,11715.0,5250.2
2007-10-01,1,2,922104.16,48.90287110568112,1637,35034663471.0,11715.0,5250.2
2007-10-01,1,3,17500096.01,53.50755309056411,13703,35034663471.0,11715.0,5250.2
2007-10-01,2,0,5570562.49,62.77661215674175,3241,35034663471.0,11715.0,5250.2
2007-10-01,2,1,1448623.16,62.72592592592593,1485,35034663471.0,11715.0,5250.2
2007-10-01,2,2,5789791.11,63.11631846414455,5313,35034663471.0,11715.0,5250.2
2007-10-01,2,3,55586573.62,59.249718769906345,73783,35034663471.0,11715.0,5250.2
2007-10-01,3,0,26991.85,55.096774193548384,62,35034663471.0,11715.0,5250.2
2007-10-01,3,1,7670.67,50.3,10,35034663471.0,11715.0,5250.2
2007-10-01,3,2,52067.3,66.1891891891892,74,35034663471.0,11715.0,5250.2
2007-10-01,3,3,762822.7,51.71157894736842,475,35034663471.0,11715.0,5250.2
2008-01-01,0,0,1040609.6799999999,57.55587878787879,4125,18553668814.0,11700.0,4518.6
2008-01-01,0,1,257207.72,55.29522184300341,586,18553668814.0,11700.0,4518.6
2008-01-01,0,2,939010.3,58.07592847317744,3635,18553668814.0,11700.0,4518.6
2008-01-01,0,3,14126568.55,56.717200848887195,36754,18553668814.0,11700.0,4518.6
2008-01-01,1,0,2884657.25,58.0858189429618,3822,18553668814.0,11700.0,4518.6
2008-01-01,1,1,1374945.66,50.49857006673022,1049,18553668814.0,11700.0,4518.6
2008-01-01,1,2,2512863.83,49.08028259473346,1557,18553668814.0,11700.0,4518.6
2008-01-01,1,3,20873550.07,53.320842537077944,12676,18553668814.0,11700.0,4518.6
2008-01-01,2,0,5572501.87,62.71061093247589,3110,18553668814.0,11700.0,4518.6
2008-01-01,2,1,1779486.18,63.5796511627907,1720,18553668814.0,11700.0,4518.6
2008-01-01,2,2,5920504.2,62.84659314690823,5078,18553668814.0,11700.0,4518.6
2008-01-01,2,3,56092095.87,59.22695631130155,70247,18553668814.0,11700.0,4518.6
2008-01-01,3,0,15657.54,56.85,40,18553668814.0,11700.0,4518.6
2008-01-01,3,1,16440.39,58.791666666666664,24,18553668814.0,11700.0,4518.6
2008-01-01,3,2,51716.14,64.38666666666667,75,18553668814.0,11700.0,4518.6
2008-01-01,3,3,575444.53,52.438902743142144,401,18553668814.0,11700.0,4518.6
2008-04-01,0,0,1035290.16,57.55472822040208,4029,23690976227.0,11378.0,4518.6
2008-04-01,0,1,209900.69,55.57854406130268,522,23690976227.0,11378.0,4518.6
2008-04-01,0,2,890027.43,58.01379504504504,3552,23690976227.0,11378.0,4518.6
2008-04-01,0,3,14110015.43,56.592209305551705,36043,23690976227.0,11378.0,4518.6
2008-04-01,1,0,2126038.53,57.599042807763894,3761,23690976227.0,11378.0,4518.6
2008-04-01,1,1,940063.09,50.56711111111111,1125,23690976227.0,11378.0,4518.6
2008-04-01,1,2,1586636.96,48.76440387906446,1753,23690976227.0,11378.0,4518.6
2008-04-01,1,3,21087147.63,53.076178223185266,14768,23690976227.0,11378.0,4518.6
2008-04-01,2,0,4848565.85,62.45240532241556,2931,23690976227.0,11378.0,4518.6
2008-04-01,2,1,1570815.89,63.60843005497862,1637,23690976227.0,11378.0,4518.6
2008-04-01,2,2,5632018.72,62.69669232369461,4807,23690976227.0,11378.0,4518.6
2008-04-01,2,3,51991677.43,59.15330192184783,67279,23690976227.0,11378.0,4518.6
2008-04-01,3,0,16559.07,55.6,45,23690976227.0,11378.0,4518.6
2008-04-01,3,1,13886.85,57.54838709677419,31,23690976227.0,11378.0,4518.6
2008-04-01,3,2,49699.98,64.46666666666667,75,23690976227.0,11378.0,4518.6
2008-04-01,3,3,561563.12,52.82151029748284,437,23690976227.0,11378.0,4518.6
2008-07-01,0,0,1102842.35,57.594492167761494,3958,22481376002.0,11167.0,4518.6
2008-07-01,0,1,250977.98,55.49802371541502,506,22481376002.0,11167.0,4518.6
2008-07-01,0,2,919280.0599999999,58.04463276836158,3540,22481376002.0,11167.0,4518.6
2008-07-01,0,3,14227950.37,56.46543752977108,35689,22481376002.0,11167.0,4518.6
2008-07-01,1,0,1946462.99,57.574597892401556,3606,22481376002.0,11167.0,4518.6
2008-07-01,1,1,877456.31,50.91097122302158,1112,22481376002.0,11167.0,4518.6
2008-07-01,1,2,1422369.05,48.594760312151614,1794,22481376002.0,11167.0,4518.6
2008-07-01,1,3,21731623.22,53.25782236099116,15053,22481376002.0,11167.0,4518.6
2008-07-01,2,0,6003588.4,62.289336801040314,3076,22481376002.0,11167.0,4518.6
2008-07-01,2,1,1941192.59,64.39881224303335,2189,22481376002.0,11167.0,4518.6
2008-07-01,2,2,7202555.65,62.64772519641878,5473,22481376002.0,11167.0,4518.6
2008-07-01,2,3,63238705.19,59.28457375635574,67262,22481376002.0,11167.0,4518.6
2008-07-01,3,0,110875.35,58.064516129032256,62,22481376002.0,11167.0,4518.6
2008-07-01,3,1,19860.48,57.5,32,22481376002.0,11167.0,4518.6
2008-07-01,3,2,1361865.0,58.86918604651163,344,22481376002.0,11167.0,4518.6
2008-07-01,3,3,9821535.99,56.411442006269596,1276,22481376002.0,11167.0,4518.6
2008-10-01,0,0,998298.02,57.65078145016654,3903,3860689798.0,10339.0,4518.6
2008-10-01,0,1,207189.62,54.483253588516746,418,3860689798.0,10339.0,4518.6
2008-10-01,0,2,649643.19,56.60446834919321,2417,3860689798.0,10339.0,4518.6
2008-10-01,0,3,13777644.13,56.32027779339819,35566,3860689798.0,10339.0,4518.6
2008-10-01,1,0,2032517.04,56.34375,3776,3860689798.0,10339.0,4518.6
2008-10-01,1,1,730842.53,49.733121525019854,1259,3860689798.0,10339.0,4518.6
2008-10-01,1,2,1095086.05,48.10326659641728,1898,3860689798.0,10339.0,4518.6
2008-10-01,1,3,27576015.58,52.02015181030429,14887,3860689798.0,10339.0,4518.6
2008-10-01,2,0,5093223.2,62.160292650482205,3007,3860689798.0,10339.0,4518.6
2008-10-01,2,1,1717839.78,64.24296675191816,1955,3860689798.0,10339.0,4518.6
2008-10-01,2,2,5732337.11,62.51864474739374,4988,3860689798.0,10339.0,4518.6
2008-10-01,2,3,53429721.6,59.142089381952474,66613,3860689798.0,10339.0,4518.6
2008-10-01,3,0,29220.87,55.348837209302324,43,3860689798.0,10339.0,4518.6
2008-10-01,3,1,12712.6,57.111111111111114,18,3860689798.0,10339.0,4518.6
2008-10-01,3,2,235853.35,58.341692789968654,319,3860689798.0,10339.0,4518.6
2008-10-01,3,3,1419654.7,53.16755319148936,1128,3860689798.0,10339.0,4518.6
2009-01-01,0,0,984237.69,57.616494845360826,3880,62431472673.0,10048.0,4697.0
2009-01-01,0,1,175189.62,54.65561224489796,392,62431472673.0,10048.0,4697.0
2009-01-01,0,2,1045273.5,57.38150932887775,3591,62431472673.0,10048.0,4697.0
2009-01-01,0,3,13962406.15,56.0946679620528,34996,62431472673.0,10048.0,4697.0
2009-01-01,1,0,1675340.79,56.75338753387534,3321,62431472673.0,10048.0,4697.0
2009-01-01,1,1,711996.78,49.84851301115241,1076,62431472673.0,10048.0,4697.0
2009-01-01,1,2,13180702.49,47.88272383354351,1586,62431472673.0,10048.0,4697.0
2009-01-01,1,3,29355553.64,52.89238845144357,15621,62431472673.0,10048.0,4697.0
2009-01-01,2,0,5566972.33,62.0481761871989,2906,62431472673.0,10048.0,4697.0
2009-01-01,2,1,1763076.32,63.87250996015936,1757,62431472673.0,10048.0,4697.0
2009-01-01,2,2,7517310.4,62.41716945354249,5801,62431472673.0,10048.0,4697.0
2009-01-01,2,3,55999128.95,59.10628514617703,64374,62431472673.0,10048.0,4697.0
2009-01-01,3,0,23862.63,56.388888888888886,36,62431472673.0,10048.0,4697.0
2009-01-01,3,1,3248.8,56.0,8,62431472673.0,10048.0,4697.0
2009-01-01,3,2,265336.51,57.07339449541284,327,62431472673.0,10048.0,4697.0
2009-01-01,3,3,1750136.14,53.28715953307393,1285,62431472673.0,10048.0,4697.0
2009-04-01,0,0,1020616.01,57.6853549908305,3817,58632219831.0,11416.0,4697.0
2009-04-01,0,1,169279.11,54.551246537396125,361,58632219831.0,11416.0,4697.0
2009-04-01,0,2,1009795.55,56.878804496846726,3647,58632219831.0,11416.0,4697.0
2009-04-01,0,3,14518022.89,55.88314684508017,34676,58632219831.0,11416.0,4697.0
2009-04-01,1,0,1749720.09,56.415523690773064,3208,58632219831.0,11416.0,4697.0
2009-04-01,1,1,701790.57,49.890449438202246,1068,58632219831.0,11416.0,4697.0
2009-04-01,1,2,1242274.39,47.80314502038439,1717,58632219831.0,11416.0,4697.0
2009-04-01,1,3,22033496.81,51.971795568846,14714,58632219831.0,11416.0,4697.0
2009-04-01,2,0,4682529.42,61.8848167539267,2674,58632219831.0,11416.0,4697.0
2009-04-01,2,1,1694440.0,64.24615384615385,1950,58632219831.0,11416.0,4697.0
2009-04-01,2,2,6572937.96,62.48511383537653,5710,58632219831.0,11416.0,4697.0
2009-04-01,2,3,51697894.23,59.08303926600796,62344,58632219831.0,11416.0,4697.0
2009-04-01,3,0,24991.34,56.97142857142857,35,58632219831.0,11416.0,4697.0
2009-04-01,3,1,5072.64,56.84615384615385,13,58632219831.0,11416.0,4697.0
2009-04-01,3,2,254848.26,56.11349693251534,326,58632219831.0,11416.0,4697.0
2009-04-01,3,3,1701489.33,53.324367088607595,1264,58632219831.0,11416.0,4697.0
2009-07-01,0,0,1268210.82,57.675568482284504,3782,45579519296.0,11596.0,4697.0
2009-07-01,0,1,198555.56,54.02542372881356,354,45579519296.0,11596.0,4697.0
2009-07-01,0,2,1137128.54,57.10323203087313,4146,45579519296.0,11596.0,4697.0
2009-07-01,0,3,15203661.51,55.68693439731691,34587,45579519296.0,11596.0,4697.0
2009-07-01,1,0,3905848.69,56.551132884262096,3266,45579519296.0,11596.0,4697.0
2009-07-01,1,1,2046585.2,51.770066889632105,1196,45579519296.0,11596.0,4697.0
2009-07-01,1,2,3836904.43,49.74028529267093,2033,45579519296.0,11596.0,4697.0
2009-07-01,1,3,56277551.06,53.06012115670362,17498,45579519296.0,11596.0,4697.0
2009-07-01,2,0,5928129.33,61.9661921708185,2810,45579519296.0,11596.0,4697.0
2009-07-01,2,1,2051238.63,64.18364274962369,1993,45579519296.0,11596.0,4697.0
2009-07-01,2,2,8627223.23,62.74848966613673,6290,45579519296.0,11596.0,4697.0
2009-07-01,2,3,73938714.99,59.17694333037382,65326,45579519296.0,11596.0,4697.0
2009-07-01,3,0,25702.62,54.970588235294116,34,45579519296.0,11596.0,4697.0
2009-07-01,3,1,7723.48,58.46666666666667,15,45579519296.0,11596.0,4697.0
2009-07-01,3,2,254569.87,56.05161290322581,310,45579519296.0,11596.0,4697.0
2009-07-01,3,3,1789086.63,53.09135802469136,1215,45579519296.0,11596.0,4697.0
2009-10-01,0,0,897010.88,57.468573130771524,3357,4318299615.0,12487.0,4697.0
2009-10-01,0,1,177600.32,53.62202380952381,336,4318299615.0,12487.0,4697.0
2009-10-01,0,2,963600.15,56.312153890993876,3431,4318299615.0,12487.0,4697.0
2009-10-01,0,3,13718374.459999999,55.46314489087593,33998,4318299615.0,12487.0,4697.0
2009-10-01,1,0,1748447.55,55.56991089787526,2918,4318299615.0,12487.0,4697.0
2009-10-01,1,1,715532.75,49.645497630331754,1055,4318299615.0,12487.0,4697.0
2009-10-01,1,2,1218817.2,47.102621305075296,1793,4318299615.0,12487.0,4697.0
2009-10-01,1,3,25242317.01,51.657745689923445,16067,4318299615.0,12487.0,4697.0
2009-10-01,2,0,5328129.56,61.94266851980542,2878,4318299615.0,12487.0,4697.0
2009-10-01,2,1,1826939.95,64.1194105691057,1968,4318299615.0,12487.0,4697.0
2009-10-01,2,2,7229561.15,62.67432044572008,5923,4318299615.0,12487.0,4697.0
2009-10-01,2,3,63512349.24,59.074134637426454,65435,4318299615.0,12487.0,4697.0
2009-10-01,3,0,31497.93,55.53333333333333,30,4318299615.0,12487.0,4697.0
2009-10-01,3,1,9671.14,60.916666666666664,12,4318299615.0,12487.0,4697.0
2009-10-01,3,2,247483.64,55.72312703583062,307,4318299615.0,12487.0,4697.0
2009-10-01,3,3,1742014.86,52.79010375099761,1253,4318299615.0,12487.0,4697.0
2010-01-01,0,0,867945.4,57.36804026423403,3179,81984955721.0,13067.0,6283.7
2010-01-01,0,1,145868.73,53.901315789473685,304,81984955721.0,13067.0,6283.7
2010-01-01,0,2,892702.34,56.01436950146628,3410,81984955721.0,13067.0,6283.7
2010-01-01,0,3,13267061.65,55.26983552135204,33135,81984955721.0,13067.0,6283.7
2010-01-01,1,0,1726712.34,54.97481751824817,2740,81984955721.0,13067.0,6283.7
2010-01-01,1,1,724661.91,49.26425438596491,912,81984955721.0,13067.0,6283.7
2010-01-01,1,2,1360806.92,46.86461199779857,1817,81984955721.0,13067.0,6283.7
2010-01-01,1,3,31328377.16,51.45135895032802,16005,81984955721.0,13067.0,6283.7
2010-01-01,2,0,5901202.76,62.05496392992099,2911,81984955721.0,13067.0,6283.7
2010-01-01,2,1,2084948.86,63.96283274736314,1991,81984955721.0,13067.0,6283.7
2010-01-01,2,2,7677397.01,62.70474101569091,5927,81984955721.0,13067.0,6283.7
2010-01-01,2,3,66063602.61,59.10961418792782,64280,81984955721.0,13067.0,6283.7
2010-01-01,3,0,41246.18,50.743589743589745,39,81984955721.0,13067.0,6283.7
2010-01-01,3,1,15565.84,58.22222222222222,18,81984955721.0,13067.0,6283.7
2010-01-01,3,2,295201.82,53.36056338028169,355,81984955721.0,13067.0,6283.7
2010-01-01,3,3,2110963.67,51.99171686746988,1328,81984955721.0,13067.0,6283.7
2010-04-01,0,0,802322.86,57.361955085865254,3028,68728162155.0,13345.0,6283.7
2010-04-01,0,1,127356.66,54.069686411149824,287,68728162155.0,13345.0,6283.7
2010-04-01,0,2,982319.57,56.16984126984127,3780,68728162155.0,13345.0,6283.7
2010-04-01,0,3,13086541.44,54.95673121183294,32587,68728162155.0,13345.0,6283.7
2010-04-01,1,0,1665561.15,54.10072202166065,2770,68728162155.0,13345.0,6283.7
2010-04-01,1,1,741699.22,48.66152362584378,1037,68728162155.0,13345.0,6283.7
2010-04-01,1,2,1427578.22,46.554089709762536,1895,68728162155.0,13345.0,6283.7
2010-04-01,1,3,28604344.19,50.98592847486789,16274,68728162155.0,13345.0,6283.7
2010-04-01,2,0,5650566.82,61.72193690388848,2726,68728162155.0,13345.0,6283.7
2010-04-01,2,1,2176967.96,64.36248830682881,2138,68728162155.0,13345.0,6283.7
2010-04-01,2,2,8227896.47,62.58994062172546,5726,68728162155.0,13345.0,6283.7
2010-04-01,2,3,82279221.34,59.16546831103281,63003,68728162155.0,13345.0,6283.7
2010-04-01,3,0,49001.5,50.0,42,68728162155.0,13345.0,6283.7
2010-04-01,3,1,8362.98,56.9,10,68728162155.0,13345.0,6283.7
2010-04-01,3,2,330156.4,51.59276018099548,442,68728162155.0,13345.0,6283.7
2010-04-01,3,3,2166449.83,51.64015444015444,1295,68728162155.0,13345.0,6283.7
2010-07-01,0,0,773504.09,57.16694886556045,2953,58160116114.0,13294.0,6283.7
2010-07-01,0,1,121442.9,54.0,271,58160116114.0,13294.0,6283.7
2010-07-01,0,2,860867.47,55.458682634730536,3340,58160116114.0,13294.0,6283.7
2010-07-01,0,3,11748372.69,54.78139662421547,32822,58160116114.0,13294.0,6283.7
2010-07-01,1,0,1666768.36,53.7784193431974,2771,58160116114.0,13294.0,6283.7
2010-07-01,1,1,725284.87,48.31203703703704,1080,58160116114.0,13294.0,6283.7
2010-07-01,1,2,1467579.61,46.15815567674765,2017,58160116114.0,13294.0,6283.7
2010-07-01,1,3,42339281.13,51.81827224349729,20107,58160116114.0,13294.0,6283.7
2010-07-01,2,0,9756021.77,61.88499774062359,4426,58160116114.0,13294.0,6283.7
2010-07-01,2,1,2889497.21,63.586556169429095,2172,58160116114.0,13294.0,6283.7
2010-07-01,2,2,11432387.65,62.318359375,7168,58160116114.0,13294.0,6283.7
2010-07-01,2,3,96905186.46,59.136454183266935,69276,58160116114.0,13294.0,6283.7
2010-07-01,3,0,76072.82,51.0377358490566,53,58160116114.0,13294.0,6283.7
2010-07-01,3,1,7724.28,55.8,10,58160116114.0,13294.0,6283.7
2010-07-01,3,2,370617.21,50.17996289424861,539,58160116114.0,13294.0,6283.7
2010-07-01,3,3,2413672.11,51.21782890007189,1391,58160116114.0,13294.0,6283.7
2010-10-01,0,0,687396.16,56.89649981181784,2657,24597429254.0,13254.0,6283.7
2010-10-01,0,1,90990.24,53.321266968325794,221,24597429254.0,13254.0,6283.7
2010-10-01,0,2,855603.3099999999,55.42826420890937,3255,24597429254.0,13254.0,6283.7
2010-10-01,0,3,10879118.25,54.61640866873065,32300,24597429254.0,13254.0,6283.7
2010-10-01,1,0,1602790.24,53.745358090185675,2639,24597429254.0,13254.0,6283.7
2010-10-01,1,1,648807.7,48.01434426229508,976,24597429254.0,13254.0,6283.7
2010-10-01,1,2,1503109.36,46.0555833750626,1997,24597429254.0,13254.0,6283.7
2010-10-01,1,3,32044828.44,51.75815746921514,24119,24597429254.0,13254.0,6283.7
2010-10-01,2,0,9234393.73,61.202048604137374,4979,24597429254.0,13254.0,6283.7
2010-10-01,2,1,2758595.35,63.12637828668363,2358,24597429254.0,13254.0,6283.7
2010-10-01,2,2,9956239.58,61.62510686805358,7018,24597429254.0,13254.0,6283.7
2010-10-01,2,3,83564277.48,58.83809483855631,71511,24597429254.0,13254.0,6283.7
2010-10-01,3,0,111174.55,52.18666666666667,75,24597429254.0,13254.0,6283.7
2010-10-01,3,1,8177.72,55.0,10,24597429254.0,13254.0,6283.7
2010-10-01,3,2,382155.42,50.34586466165413,532,24597429254.0,13254.0,6283.7
2010-10-01,3,3,2685595.95,50.57997557997558,1638,24597429254.0,13254.0,6283.7
2011-01-01,0,0,624490.04,56.58085808580858,2424,83158016059.0,13043.0,5544.2
2011-01-01,0,1,84648.3,53.611111111111114,216,83158016059.0,13043.0,5544.2
2011-01-01,0,2,768572.68,55.1389337641357,3095,83158016059.0,13043.0,5544.2
2011-01-01,0,3,10587714.31,54.46826435204391,31337,83158016059.0,13043.0,5544.2
2011-01-01,1,0,1412445.65,53.15643802647413,2493,83158016059.0,13043.0,5544.2
2011-01-01,1,1,673902.98,47.61736334405145,933,83158016059.0,13043.0,5544.2
2011-01-01,1,2,1638557.0,45.998046875,2048,83158016059.0,13043.0,5544.2
2011-01-01,1,3,49090894.2,51.342670035946895,28097,83158016059.0,13043.0,5544.2
2011-01-01,2,0,9442374.67,60.81731601731602,4620,83158016059.0,13043.0,5544.2
2011-01-01,2,1,2889770.78,63.20280332895313,2283,83158016059.0,13043.0,5544.2
2011-01-01,2,2,10356580.78,61.53812509112115,6859,83158016059.0,13043.0,5544.2
2011-01-01,2,3,102514785.77,58.85637207137767,68761,83158016059.0,13043.0,5544.2
2011-01-01,3,0,120589.73,52.17045454545455,88,83158016059.0,13043.0,5544.2
2011-01-01,3,1,8477.64,55.333333333333336,9,83158016059.0,13043.0,5544.2
2011-01-01,3,2,493858.22,50.868376068376065,585,83158016059.0,13043.0,5544.2
2011-01-01,3,3,3582117.93,50.38634192932187,2094,83158016059.0,13043.0,5544.2
2011-04-01,0,0,569433.0599999999,56.472769953051646,2130,78653524121.0,13207.0,5544.2
2011-04-01,0,1,80584.53,52.65217391304348,184,78653524121.0,13207.0,5544.2
2011-04-01,0,2,698306.8,55.022927689594354,2835,78653524121.0,13207.0,5544.2
2011-04-01,0,3,10401956.65,54.30365073145246,30624,78653524121.0,13207.0,5544.2
2011-04-01,1,0,2226801.88,53.007005253940456,2284,78653524121.0,13207.0,5544.2
2011-04-01,1,1,2286585.73,47.48502994011976,835,78653524121.0,13207.0,5544.2
2011-04-01,1,2,2456003.81,45.90360110803324,1805,78653524121.0,13207.0,5544.2
2011-04-01,1,3,33958456.32,50.73206977391028,25167,78653524121.0,13207.0,5544.2
2011-04-01,2,0,8735806.4,60.59115759448538,4207,78653524121.0,13207.0,5544.2
2011-04-01,2,1,2782542.38,63.135049683830175,2214,78653524121.0,13207.0,5544.2
2011-04-01,2,2,10014300.79,61.36916654241837,6707,78653524121.0,13207.0,5544.2
2011-04-01,2,3,88192001.64,58.59370626279889,67877,78653524121.0,13207.0,5544.2
2011-04-01,3,0,110418.49,51.75,88,78653524121.0,13207.0,5544.2
2011-04-01,3,1,8323.89,55.5,10,78653524121.0,13207.0,5544.2
2011-04-01,3,2,547204.73,51.31404958677686,605,78653524121.0,13207.0,5544.2
2011-04-01,3,3,4022364.47,50.255910410618,2411,78653524121.0,13207.0,5544.2
2011-07-01,0,0,550337.11,56.13391984359726,2046,75797761615.0,13303.0,5544.2
2011-07-01,0,1,180739.32,53.12413793103448,145,75797761615.0,13303.0,5544.2
2011-07-01,0,2,682891.41,54.85796269727403,2788,75797761615.0,13303.0,5544.2
2011-07-01,0,3,10293740.89,54.24697995486526,30132,75797761615.0,13303.0,5544.2
2011-07-01,1,0,1150124.67,51.31843891402715,1768,75797761615.0,13303.0,5544.2
2011-07-01,1,1,546639.06,47.4404609475032,781,75797761615.0,13303.0,5544.2
2011-07-01,1,2,1412012.21,45.570906877662814,1643,75797761615.0,13303.0,5544.2
2011-07-01,1,3,34318495.81,51.16159453115348,24283,75797761615.0,13303.0,5544.2
2011-07-01,2,0,11262060.67,60.46792525524947,5191,75797761615.0,13303.0,5544.2
2011-07-01,2,1,3672449.91,63.06133225020309,2462,75797761615.0,13303.0,5544.2
2011-07-01,2,2,14045012.87,61.25725610535737,7821,75797761615.0,13303.0,5544.2
2011-07-01,2,3,116762687.45,58.65158620689655,72500,75797761615.0,13303.0,5544.2
2011-07-01,3,0,136016.18,52.49090909090909,110,75797761615.0,13303.0,5544.2
2011-07-01,3,1,9628.69,56.22222222222222,9,75797761615.0,13303.0,5544.2
2011-07-01,3,2,633592.48,52.20902255639098,665,75797761615.0,13303.0,5544.2
2011-07-01,3,3,4887300.61,51.04477611940298,3015,75797761615.0,13303.0,5544.2
2011-10-01,0,0,524051.14,55.82273901808786,1935,20411358765.0,12952.0,5544.2
2011-10-01,0,1,65321.39,52.699029126213595,103,20411358765.0,12952.0,5544.2
2011-10-01,0,2,792651.04,54.795383001049316,2859,20411358765.0,12952.0,5544.2
2011-10-01,0,3,9760469.88,54.002680412371134,29100,20411358765.0,12952.0,5544.2
2011-10-01,1,0,1666234.32,45.84951768488746,1555,20411358765.0,12952.0,5544.2
2011-10-01,1,1,1378651.76,47.55265700483092,1035,20411358765.0,12952.0,5544.2
2011-10-01,1,2,2144954.58,45.135883905013195,2274,20411358765.0,12952.0,5544.2
2011-10-01,1,3,39524503.71,50.10978329036304,28702,20411358765.0,12952.0,5544.2
2011-10-01,2,0,9974857.21,60.161373051884,5069,20411358765.0,12952.0,5544.2
2011-10-01,2,1,3033741.78,62.06363636363636,2090,20411358765.0,12952.0,5544.2
2011-10-01,2,2,11952904.26,61.053545998291085,7022,20411358765.0,12952.0,5544.2
2011-10-01,2,3,93627566.79,58.30241033361944,71069,20411358765.0,12952.0,5544.2
2011-10-01,3,0,153880.12,52.91935483870968,124,20411358765.0,12952.0,5544.2
2011-10-01,3,1,6148.25,53.5,6,20411358765.0,12952.0,5544.2
2011-10-01,3,2,658191.38,52.06258503401361,735,20411358765.0,12952.0,5544.2
2011-10-01,3,3,4666305.35,50.728399087055756,3067,20411358765.0,12952.0,5544.2
2012-01-01,0,0,487027.9,55.543271915131214,1791,25591120988.0,13062.0,4922.4
2012-01-01,0,1,60789.5,52.793103448275865,116,25591120988.0,13062.0,4922.4
2012-01-01,0,2,428800.67,53.56161137440758,1688,25591120988.0,13062.0,4922.4
2012-01-01,0,3,9060654.58,53.67278265017797,27251,25591120988.0,13062.0,4922.4
2012-01-01,1,0,1123778.92,45.431649331352155,1346,25591120988.0,13062.0,4922.4
2012-01-01,1,1,736480.7,46.85589519650655,916,25591120988.0,13062.0,4922.4
2012-01-01,1,2,1688007.89,44.889843355229914,1979,25591120988.0,13062.0,4922.4
2012-01-01,1,3,32163826.35,49.80861262077295,26496,25591120988.0,13062.0,4922.4
2012-01-01,2,0,10653731.19,60.22800495662949,4842,25591120988.0,13062.0,4922.4
2012-01-01,2,1,3038971.34,61.50334190231362,1945,25591120988.0,13062.0,4922.4
2012-01-01,2,2,10480198.89,60.80764507215229,6514,25591120988.0,13062.0,4922.4
2012-01-01,2,3,92791134.42,58.159551792533826,67558,25591120988.0,13062.0,4922.4
2012-01-01,3,0,206511.91,50.41538461538462,195,25591120988.0,13062.0,4922.4
2012-01-01,3,1,6048.33,53.5,6,25591120988.0,13062.0,4922.4
2012-01-01,3,2,770880.38,51.315032679738565,765,25591120988.0,13062.0,4922.4
2012-01-01,3,3,10682231.92,50.2184280247277,3397,25591120988.0,13062.0,4922.4
2012-04-01,0,0,446253.44,55.252147239263806,1630,28922217283.0,13159.0,4922.4
2012-04-01,0,1,64571.67,52.10126582278481,79,28922217283.0,13159.0,4922.4
2012-04-01,0,2,300004.81,52.91853699085619,1203,28922217283.0,13159.0,4922.4
2012-04-01,0,3,8613581.57,53.45947737909516,25640,28922217283.0,13159.0,4922.4
2012-04-01,1,0,1109302.33,45.69435483870968,1240,28922217283.0,13159.0,4922.4
2012-04-01,1,1,1037513.44,46.19435028248588,885,28922217283.0,13159.0,4922.4
2012-04-01,1,2,1499989.05,45.08190370780299,1807,28922217283.0,13159.0,4922.4
2012-04-01,1,3,32376553.41,49.57509101941748,26368,28922217283.0,13159.0,4922.4
2012-04-01,2,0,9872379.06,59.72123799359658,4685,28922217283.0,13159.0,4922.4
2012-04-01,2,1,3102886.32,61.85357657225156,2083,28922217283.0,13159.0,4922.4
2012-04-01,2,2,10800659.26,60.663775747251044,6457,28922217283.0,13159.0,4922.4
2012-04-01,2,3,113202472.86,58.211921011656166,68719,28922217283.0,13159.0,4922.4
2012-04-01,3,0,68755.82,56.92857142857143,42,28922217283.0,13159.0,4922.4
2012-04-01,3,2,191155.33,54.7828947368421,152,28922217283.0,13159.0,4922.4
2012-04-01,3,3,809304.86,48.798140770252324,753,28922217283.0,13159.0,4922.4
2012-07-01,0,0,451757.14,55.12765957446808,1598,24297788435.0,13141.0,4922.4
2012-07-01,0,1,30284.29,52.47945205479452,73,24297788435.0,13141.0,4922.4
2012-07-01,0,2,306959.31,52.7652975691534,1193,24297788435.0,13141.0,4922.4
2012-07-01,0,3,9080945.08,53.45702222576276,25106,24297788435.0,13141.0,4922.4
2012-07-01,1,0,1363557.16,45.392,1375,24297788435.0,13141.0,4922.4
2012-07-01,1,1,735387.22,45.84205330700888,1013,24297788435.0,13141.0,4922.4
2012-07-01,1,2,1777497.8,44.90990542558487,2009,24297788435.0,13141.0,4922.4
2012-07-01,1,3,54419446.25,49.60182571397148,27277,24297788435.0,13141.0,4922.4
2012-07-01,2,0,11725640.93,59.275708727070594,5397,24297788435.0,13141.0,4922.4
2012-07-01,2,1,3364677.51,61.95179180887372,2344,24297788435.0,13141.0,4922.4
2012-07-01,2,2,14303117.27,60.51130261021606,8007,24297788435.0,13141.0,4922.4
2012-07-01,2,3,119956223.86,57.82391231255464,74355,24297788435.0,13141.0,4922.4
2012-07-01,3,0,47298.79,56.625,40,24297788435.0,13141.0,4922.4
2012-07-01,3,1,5634.139999999999,48.0,2,24297788435.0,13141.0,4922.4
2012-07-01,3,2,156392.8,53.64028776978417,139,24297788435.0,13141.0,4922.4
2012-07-01,3,3,1655789.68,50.551162790697674,860,24297788435.0,13141.0,4922.4
2012-10-01,0,0,410299.3,54.75706940874036,1556,21547441217.0,13437.0,4922.4
2012-10-01,0,1,32235.55,52.97014925373134,67,21547441217.0,13437.0,4922.4
2012-10-01,0,2,365241.01,52.86367485182049,1181,21547441217.0,13437.0,4922.4
2012-10-01,0,3,7905804.52,53.292454844357145,23419,21547441217.0,13437.0,4922.4
2012-10-01,1,0,1731045.51,44.47027840481565,1329,21547441217.0,13437.0,4922.4
2012-10-01,1,1,1205178.54,45.2219074598678,1059,21547441217.0,13437.0,4922.4
2012-10-01,1,2,1870706.83,44.41573033707865,2136,21547441217.0,13437.0,4922.4
2012-10-01,1,3,56334207.660000004,48.88116207251515,26229,21547441217.0,13437.0,4922.4
2012-10-01,2,0,13354537.31,58.92875411033979,5474,21547441217.0,13437.0,4922.4
2012-10-01,2,1,4346965.41,61.07648099027409,2262,21547441217.0,13437.0,4922.4
2012-10-01,2,2,18082255.18,60.204138249913306,8651,21547441217.0,13437.0,4922.4
2012-10-01,2,3,166320452.51,57.57147916719371,79058,21547441217.0,13437.0,4922.4
2012-10-01,3,0,131190.74,58.51219512195122,41,21547441217.0,13437.0,4922.4
2012-10-01,3,1,53303.380000000005,53.6,5,21547441217.0,13437.0,4922.4
2012-10-01,3,2,170140.99,51.98823529411764,170,21547441217.0,13437.0,4922.4
2012-10-01,3,3,1054460.75,50.40276301806589,941,21547441217.0,13437.0,4922.4
2013-01-01,0,0,370129.83999999997,54.768960674157306,1424,47456307434.0,13922.0,4130.7
2013-01-01,0,1,76788.36,53.02777777777778,72,47456307434.0,13922.0,4130.7
2013-01-01,0,2,269992.95,52.48771266540643,1058,47456307434.0,13922.0,4130.7
2013-01-01,0,3,7458819.78,53.00858524242013,22131,47456307434.0,13922.0,4130.7
2013-01-01,1,0,2599598.08,44.06185567010309,1261,47456307434.0,13922.0,4130.7
2013-01-01,1,1,1421784.8399999999,44.560041407867494,966,47456307434.0,13922.0,4130.7
2013-01-01,1,2,2952115.72,43.96857142857143,2100,47456307434.0,13922.0,4130.7
2013-01-01,1,3,42503845.39,48.48808172531214,25549,47456307434.0,13922.0,4130.7
2013-01-01,2,0,11349349.24,58.7029702970297,4848,47456307434.0,13922.0,4130.7
2013-01-01,2,1,3372164.85,60.7752427184466,2060,47456307434.0,13922.0,4130.7
2013-01-01,2,2,16900548.28,59.68316100443131,9478,47456307434.0,13922.0,4130.7
2013-01-01,2,3,135190743.73,57.169967792830974,76691,47456307434.0,13922.0,4130.7
2013-01-01,3,0,144471.39,57.13636363636363,22,47456307434.0,13922.0,4130.7
2013-01-01,3,1,45109.72,51.25,4,47456307434.0,13922.0,4130.7
2013-01-01,3,2,146913.72,54.197080291970806,137,47456307434.0,13922.0,4130.7
2013-01-01,3,3,1337599.78,50.24087591240876,959,47456307434.0,13922.0,4130.7
2013-04-01,0,0,366866.52999999997,54.32531055900621,1288,38501119521.0,14133.0,4130.7
2013-04-01,0,1,19633.989999999998,48.21818181818182,55,38501119521.0,14133.0,4130.7
2013-04-01,0,2,255473.3,52.4789156626506,996,38501119521.0,14133.0,4130.7
2013-04-01,0,3,6984610.06,52.71887434680474,20859,38501119521.0,14133.0,4130.7
2013-04-01,1,0,2302837.84,43.724979658258746,1229,38501119521.0,14133.0,4130.7
2013-04-01,1,1,1115268.3,44.61653272101033,871,38501119521.0,14133.0,4130.7
2013-04-01,1,2,1848508.98,43.72751322751323,1890,38501119521.0,14133.0,4130.7
2013-04-01,1,3,44342454.37,48.306240230852474,24951,38501119521.0,14133.0,4130.7
2013-04-01,2,0,11298825.77,58.48651452282158,4820,38501119521.0,14133.0,4130.7
2013-04-01,2,1,3228379.6,59.946843853820596,1806,38501119521.0,14133.0,4130.7
2013-04-01,2,2,19705290.91,59.01437252821453,10367,38501119521.0,14133.0,4130.7
2013-04-01,2,3,171083509.19,56.95640920506381,78044,38501119521.0,14133.0,4130.7
2013-04-01,3,0,51726.18,55.36666666666667,30,38501119521.0,14133.0,4130.7
2013-04-01,3,1,76734.11,56.2,5,38501119521.0,14133.0,4130.7
2013-04-01,3,2,130464.13,54.48360655737705,122,38501119521.0,14133.0,4130.7
2013-04-01,3,3,1140635.28,50.19052744886975,929,38501119521.0,14133.0,4130.7
2013-07-01,0,0,350802.27999999997,54.64264264264264,1332,37250903478.0,13450.0,4130.7
2013-07-01,0,1,12312.52,45.977777777777774,45,37250903478.0,13450.0,4130.7
2013-07-01,0,2,249549.87,52.57720207253886,965,37250903478.0,13450.0,4130.7
2013-07-01,0,3,7441721.51,52.67635138434494,20479,37250903478.0,13450.0,4130.7
2013-07-01,1,0,1577175.19,43.68778979907264,1294,37250903478.0,13450.0,4130.7
2013-07-01,1,1,934298.07,44.40534979423868,972,37250903478.0,13450.0,4130.7
2013-07-01,1,2,2554245.85,43.588825214899714,2094,37250903478.0,13450.0,4130.7
2013-07-01,1,3,42899366.15,48.035630329569024,21695,37250903478.0,13450.0,4130.7
2013-07-01,2,0,11444860.46,58.441426760818395,5523,37250903478.0,13450.0,4130.7
2013-07-01,2,1,3552206.16,61.269406392694066,2409,37250903478.0,13450.0,4130.7
2013-07-01,2,2,19395745.63,59.05325609642156,10703,37250903478.0,13450.0,4130.7
2013-07-01,2,3,138294322.47,56.63754773767673,79078,37250903478.0,13450.0,4130.7
2013-07-01,3,0,50491.79,54.875,32,37250903478.0,13450.0,4130.7
2013-07-01,3,1,1207.29,43.0,3,37250903478.0,13450.0,4130.7
2013-07-01,3,2,105143.62,53.981651376146786,109,37250903478.0,13450.0,4130.7
2013-07-01,3,3,1242281.24,50.206820682068205,909,37250903478.0,13450.0,4130.7
2013-10-01,0,0,298389.96,54.226847918436704,1177,18692424302.0,13590.0,4130.7
2013-10-01,0,1,12154.35,45.372093023255815,43,18692424302.0,13590.0,4130.7
2013-10-01,0,2,262075.56,52.491379310344826,928,18692424302.0,13590.0,4130.7
2013-10-01,0,3,6500607.72,52.54270974748846,18415,18692424302.0,13590.0,4130.7
2013-10-01,1,0,1397872.39,43.52093802345058,1194,18692424302.0,13590.0,4130.7
2013-10-01,1,1,904038.25,43.4737923946557,973,18692424302.0,13590.0,4130.7
2013-10-01,1,2,2542894.94,43.42497532082922,2026,18692424302.0,13590.0,4130.7
2013-10-01,1,3,40654062.22,47.19440973364025,15205,18692424302.0,13590.0,4130.7
2013-10-01,2,0,11310029.43,58.30405142189326,5134,18692424302.0,13590.0,4130.7
2013-10-01,2,1,3333160.12,60.09188660801564,2046,18692424302.0,13590.0,4130.7
2013-10-01,2,2,18383780.49,58.78822528822529,10582,18692424302.0,13590.0,4130.7
2013-10-01,2,3,139179026.36,56.58039576738261,79289,18692424302.0,13590.0,4130.7
2013-10-01,3,0,48292.54,57.07692307692308,26,18692424302.0,13590.0,4130.7
2013-10-01,3,1,1207.29,43.0,3,18692424302.0,13590.0,4130.7
2013-10-01,3,2,102407.95,53.132075471698116,106,18692424302.0,13590.0,4130.7
2013-10-01,3,3,1647419.77,50.07753705815279,877,18692424302.0,13590.0,4130.7
2014-01-01,0,0,278704.75,54.04225352112676,1065,47389306057.0,13019.0,4137.4
2014-01-01,0,1,14105.57,45.25581395348837,43,47389306057.0,13019.0,4137.4
2014-01-01,0,2,233944.72,52.366930917327295,883,47389306057.0,13019.0,4137.4
2014-01-01,0,3,6311627.38,52.38238658025162,18361,47389306057.0,13019.0,4137.4
2014-01-01,1,0,1232683.65,43.81694560669456,956,47389306057.0,13019.0,4137.4
2014-01-01,1,1,828294.82,42.959715639810426,844,47389306057.0,13019.0,4137.4
2014-01-01,1,2,2309222.06,43.25688622754491,1670,47389306057.0,13019.0,4137.4
2014-01-01,1,3,31263853.9,47.18380692876606,12845,47389306057.0,13019.0,4137.4
2014-01-01,2,0,14243929.25,58.106966403162055,4048,47389306057.0,13019.0,4137.4
2014-01-01,2,1,3811845.02,59.64612954186414,1899,47389306057.0,13019.0,4137.4
2014-01-01,2,2,24640703.31,58.44063504431674,10267,47389306057.0,13019.0,4137.4
2014-01-01,2,3,215283282.51,56.32940576383576,78420,47389306057.0,13019.0,4137.4
2014-01-01,3,0,47890.1,57.07692307692308,26,47389306057.0,13019.0,4137.4
2014-01-01,3,1,1207.29,43.0,3,47389306057.0,13019.0,4137.4
2014-01-01,3,2,101574.84,52.89,100,47389306057.0,13019.0,4137.4
2014-01-01,3,3,1291859.35,50.02619589977221,878,47389306057.0,13019.0,4137.4
2014-04-01,0,0,246720.84,53.254273504273506,936,44052547228.0,12435.0,4137.4
2014-04-01,0,1,10934.85,43.13953488372093,43,44052547228.0,12435.0,4137.4
2014-04-01,0,2,219902.53,52.436144578313254,830,44052547228.0,12435.0,4137.4
2014-04-01,0,3,6185019.76,52.14113288048055,17813,44052547228.0,12435.0,4137.4
2014-04-01,1,0,1216718.27,44.22207084468665,734,44052547228.0,12435.0,4137.4
2014-04-01,1,1,835174.43,42.70411392405063,632,44052547228.0,12435.0,4137.4
2014-04-01,1,2,2032111.58,43.52116402116402,1134,44052547228.0,12435.0,4137.4
2014-04-01,1,3,32379444.06,48.24556518151815,9696,44052547228.0,12435.0,4137.4
2014-04-01,2,0,12345332.62,57.73518485759774,5653,44052547228.0,12435.0,4137.4
2014-04-01,2,1,3244502.98,59.24008810572687,1816,44052547228.0,12435.0,4137.4
2014-04-01,2,2,20640645.38,58.22461417477637,10173,44052547228.0,12435.0,4137.4
2014-04-01,2,3,154784216.86,56.2229934577948,75204,44052547228.0,12435.0,4137.4
2014-04-01,3,0,47085.24,56.5,24,44052547228.0,12435.0,4137.4
2014-04-01,3,1,29634.120000000003,51.25,4,44052547228.0,12435.0,4137.4
2014-04-01,3,2,101614.66,52.38947368421053,95,44052547228.0,12435.0,4137.4
2014-04-01,3,3,1343755.7,49.60913140311804,898,44052547228.0,12435.0,4137.4
2014-07-01,0,0,243204.35,52.83075221238938,904,43732135318.0,12375.0,4137.4
2014-07-01,0,1,59308.83,43.55,40,43732135318.0,12375.0,4137.4
2014-07-01,0,2,225747.97,52.08658536585366,820,43732135318.0,12375.0,4137.4
2014-07-01,0,3,6244466.02,52.02052154195011,17640,43732135318.0,12375.0,4137.4
2014-07-01,1,0,1421407.58,43.76266996291718,809,43732135318.0,12375.0,4137.4
2014-07-01,1,1,1040328.52,42.51673360107095,747,43732135318.0,12375.0,4137.4
2014-07-01,1,2,2726193.32,43.16766020864382,1342,43732135318.0,12375.0,4137.4
2014-07-01,1,3,34001207.22,47.88956005235075,9933,43732135318.0,12375.0,4137.4
2014-07-01,2,0,11225184.62,57.49703537108976,4891,43732135318.0,12375.0,4137.4
2014-07-01,2,1,3035568.44,58.83222222222222,1800,43732135318.0,12375.0,4137.4
2014-07-01,2,2,20666444.25,58.220921378260044,10506,43732135318.0,12375.0,4137.4
2014-07-01,2,3,146361869.32,56.10442996400326,76118,43732135318.0,12375.0,4137.4
2014-07-01,3,0,47085.24,56.5,24,43732135318.0,12375.0,4137.4
2014-07-01,3,1,1207.29,43.0,3,43732135318.0,12375.0,4137.4
2014-07-01,3,2,92151.59,52.48148148148148,81,43732135318.0,12375.0,4137.4
2014-07-01,3,3,1307902.09,49.64342857142857,875,43732135318.0,12375.0,4137.4
2014-10-01,0,0,239717.13999999998,52.80936073059361,876,26156334473.0,12122.0,4137.4
2014-10-01,0,1,10609.65,42.925,40,26156334473.0,12122.0,4137.4
2014-10-01,0,2,220006.05,51.95864661654135,798,26156334473.0,12122.0,4137.4
2014-10-01,0,3,6029095.53,51.964561220346845,17241,26156334473.0,12122.0,4137.4
2014-10-01,1,0,895182.62,43.735985533453885,553,26156334473.0,12122.0,4137.4
2014-10-01,1,1,596972.28,42.573055028462996,527,26156334473.0,12122.0,4137.4
2014-10-01,1,2,1585998.33,42.75358166189112,1047,26156334473.0,12122.0,4137.4
2014-10-01,1,3,28679666.41,47.03653921440689,7663,26156334473.0,12122.0,4137.4
2014-10-01,2,0,12499874.19,57.33657086223984,5045,26156334473.0,12122.0,4137.4
2014-10-01,2,1,3237723.59,58.34394193188163,1791,26156334473.0,12122.0,4137.4
2014-10-01,2,2,18108840.27,57.84145497677177,10117,26156334473.0,12122.0,4137.4
2014-10-01,2,3,148014704.25,55.9540569863863,77422,26156334473.0,12122.0,4137.4
2014-10-01,3,0,47873.84,54.92307692307692,26,26156334473.0,12122.0,4137.4
2014-10-01,3,1,1207.29,43.0,3,26156334473.0,12122.0,4137.4
2014-10-01,3,2,86849.9,52.13333333333333,75,26156334473.0,12122.0,4137.4
2014-10-01,3,3,1354764.29,49.930715935334874,866,26156334473.0,12122.0,4137.4
2015-01-01,0,0,221044.1,52.47228915662651,830,31739618819.0,10487.0,3889.4
2015-01-01,0,1,56056.83000000001,42.26470588235294,34,31739618819.0,10487.0,3889.4
2015-01-01,0,2,202378.91,51.8738379814077,753,31739618819.0,10487.0,3889.4
2015-01-01,0,3,5773080.97,51.808012549776755,16574,31739618819.0,10487.0,3889.4
2015-01-01,1,0,1027550.1,43.01190476190476,588,31739618819.0,10487.0,3889.4
2015-01-01,1,1,639934.43,42.83018867924528,530,31739618819.0,10487.0,3889.4
2015-01-01,1,2,1835377.18,42.461191335740075,1108,31739618819.0,10487.0,3889.4
2015-01-01,1,3,27287333.92,46.70271689198057,7619,31739618819.0,10487.0,3889.4
2015-01-01,2,0,16662807.33,57.09380395165931,5213,31739618819.0,10487.0,3889.4
2015-01-01,2,1,4237308.31,58.07033315705976,1891,31739618819.0,10487.0,3889.4
2015-01-01,2,2,25592697.68,57.771453420950905,10348,31739618819.0,10487.0,3889.4
2015-01-01,2,3,213304379.11,55.852217055809724,80219,31739618819.0,10487.0,3889.4
2015-01-01,3,0,51881.94,53.86666666666667,30,31739618819.0,10487.0,3889.4
2015-01-01,3,1,69757.4,56.2,5,31739618819.0,10487.0,3889.4
2015-01-01,3,2,88681.82,51.791666666666664,72,31739618819.0,10487.0,3889.4
2015-01-01,3,3,1360892.84,49.96244131455399,852,31739618819.0,10487.0,3889.4
2015-04-01,0,0,198733.96,52.261780104712045,764,38557264636.0,11902.0,3889.4
2015-04-01,0,1,7764.15,42.0,33,38557264636.0,11902.0,3889.4
2015-04-01,0,2,220355.83,51.511691884456674,727,38557264636.0,11902.0,3889.4
2015-04-01,0,3,5567476.09,51.725836663336665,16016,38557264636.0,11902.0,3889.4
2015-04-01,1,0,992174.01,42.8,565,38557264636.0,11902.0,3889.4
2015-04-01,1,1,608558.55,42.716911764705884,544,38557264636.0,11902.0,3889.4
2015-04-01,1,2,1613492.34,42.14080717488789,1115,38557264636.0,11902.0,3889.4
2015-04-01,1,3,24539801.06,46.44818617385352,7305,38557264636.0,11902.0,3889.4
2015-04-01,2,0,15425621.02,56.183924183924184,5698,38557264636.0,11902.0,3889.4
2015-04-01,2,1,3996918.08,57.71948300622307,2089,38557264636.0,11902.0,3889.4
2015-04-01,2,2,22862542.79,57.431472081218274,10835,38557264636.0,11902.0,3889.4
2015-04-01,2,3,209084326.11,55.75180235516013,80589,38557264636.0,11902.0,3889.4
2015-04-01,3,0,53097.39,54.6,30,38557264636.0,11902.0,3889.4
2015-04-01,3,1,804.86,43.0,2,38557264636.0,11902.0,3889.4
2015-04-01,3,2,93467.02,51.72222222222222,72,38557264636.0,11902.0,3889.4
2015-04-01,3,3,1316010.82,49.98906439854192,823,38557264636.0,11902.0,3889.4
2015-07-01,0,0,5349752.14,52.511972633979475,877,33971507366.0,12015.0,3889.4
2015-07-01,0,1,1599401.8199999998,61.17527386541471,639,33971507366.0,12015.0,3889.4
2015-07-01,0,2,744489.41,51.41294964028777,695,33971507366.0,12015.0,3889.4
2015-07-01,0,3,18907661.6,52.033874766016545,16561,33971507366.0,12015.0,3889.4
2015-07-01,1,0,876593.52,43.16699410609037,509,33971507366.0,12015.0,3889.4
2015-07-01,1,1,484697.98,43.10986547085202,446,33971507366.0,12015.0,3889.4
2015-07-01,1,2,1506449.84,42.21209016393443,976,33971507366.0,12015.0,3889.4
2015-07-01,1,3,23512755.04,46.87301841473179,6245,33971507366.0,12015.0,3889.4
2015-07-01,2,0,16485301.5,55.81949166261939,6177,33971507366.0,12015.0,3889.4
2015-07-01,2,1,4278485.91,57.4679054054054,2368,33971507366.0,12015.0,3889.4
2015-07-01,2,2,23593490.01,57.220147335960256,11674,33971507366.0,12015.0,3889.4
2015-07-01,2,3,182430861.8,55.49271040814643,84847,33971507366.0,12015.0,3889.4
2015-07-01,3,0,52703.09,55.241379310344826,29,33971507366.0,12015.0,3889.4
2015-07-01,3,1,41038.56,54.0,3,33971507366.0,12015.0,3889.4
2015-07-01,3,2,82943.85,52.1044776119403,67,33971507366.0,12015.0,3889.4
2015-07-01,3,3,444067.52,53.224137931034484,290,33971507366.0,12015.0,3889.4
2015-10-01,0,0,247222.29,51.52808988764045,801,24135459615.0,12423.0,3889.4
2015-10-01,0,1,25674.56,45.82692307692308,52,24135459615.0,12423.0,3889.4
2015-10-01,0,2,298494.9,50.986784140969164,681,24135459615.0,12423.0,3889.4
2015-10-01,0,3,5712055.11,51.50913418242635,15546,24135459615.0,12423.0,3889.4
2015-10-01,1,0,1104228.98,42.58571428571429,420,24135459615.0,12423.0,3889.4
2015-10-01,1,1,699837.85,42.300261096605745,383,24135459615.0,12423.0,3889.4
2015-10-01,1,2,1703140.02,41.74340949033392,569,24135459615.0,12423.0,3889.4
2015-10-01,1,3,71477570.44000001,46.58457019171305,6468,24135459615.0,12423.0,3889.4
2015-10-01,2,0,16006424.69,55.81714380274698,6043,24135459615.0,12423.0,3889.4
2015-10-01,2,1,4204632.31,57.3276740237691,2356,24135459615.0,12423.0,3889.4
2015-10-01,2,2,21657208.36,56.81182649642307,11043,24135459615.0,12423.0,3889.4
2015-10-01,2,3,176988648.51,55.25598014412297,83401,24135459615.0,12423.0,3889.4
2015-10-01,3,0,51914.49,56.666666666666664,27,24135459615.0,12423.0,3889.4
2015-10-01,3,1,49495.53,56.2,5,24135459615.0,12423.0,3889.4
2015-10-01,3,2,72241.38,51.41269841269841,63,24135459615.0,12423.0,3889.4
2015-10-01,3,3,1766331.28,53.274193548387096,310,24135459615.0,12423.0,3889.4
2016-01-01,0,0,258889.84,51.5281045751634,765,33619258981.0,12430.0,4263.9
2016-01-01,0,1,21422.61,46.18604651162791,43,33619258981.0,12430.0,4263.9
2016-01-01,0,2,225257.66,51.16826923076923,624,33619258981.0,12430.0,4263.9
2016-01-01,0,3,5464288.29,51.37451967669273,15094,33619258981.0,12430.0,4263.9
2016-01-01,1,0,775935.64,43.0,314,33619258981.0,12430.0,4263.9
2016-01-01,1,1,507385.34,42.15467625899281,278,33619258981.0,12430.0,4263.9
2016-01-01,1,2,1238143.57,41.58313253012048,415,33619258981.0,12430.0,4263.9
2016-01-01,1,3,22787949.31,46.91459074733096,5058,33619258981.0,12430.0,4263.9
2016-01-01,2,0,37111954.23,57.2170976007454,12879,33619258981.0,12430.0,4263.9
2016-01-01,2,1,5879862.46,57.13066871637202,2602,33619258981.0,12430.0,4263.9
2016-01-01,2,2,31392492.52,56.575825890921706,11533,33619258981.0,12430.0,4263.9
2016-01-01,2,3,287639730.39,55.19721288299098,84173,33619258981.0,12430.0,4263.9
2016-01-01,3,0,52316.92,56.42857142857143,28,33619258981.0,12430.0,4263.9
2016-01-01,3,1,804.86,43.0,2,33619258981.0,12430.0,4263.9
2016-01-01,3,2,79683.5,51.57142857142857,63,33619258981.0,12430.0,4263.9
2016-01-01,3,3,402302.71,52.86813186813187,273,33619258981.0,12430.0,4263.9
2016-04-01,0,0,244075.87,51.17006802721088,735,38483809392.0,13041.0,4263.9
2016-04-01,0,1,50609.55,46.725806451612904,62,38483809392.0,13041.0,4263.9
2016-04-01,0,2,527161.44,51.13548387096774,620,38483809392.0,13041.0,4263.9
2016-04-01,0,3,5335051.41,51.30247256563412,14398,38483809392.0,13041.0,4263.9
2016-04-01,1,0,298135.11,45.07096774193548,155,38483809392.0,13041.0,4263.9
2016-04-01,1,1,194450.81,43.35398230088496,113,38483809392.0,13041.0,4263.9
2016-04-01,1,2,585294.27,42.4025974025974,154,38483809392.0,13041.0,4263.9
2016-04-01,1,3,12744571.94,49.43196004993758,3204,38483809392.0,13041.0,4263.9
2016-04-01,2,0,43883950.01,57.28760377898654,17465,38483809392.0,13041.0,4263.9
2016-04-01,2,1,4894298.56,56.86711622372074,2521,38483809392.0,13041.0,4263.9
2016-04-01,2,2,25781623.02,56.37292076551601,11182,38483809392.0,13041.0,4263.9
2016-04-01,2,3,203690783.56,55.07449521653127,80381,38483809392.0,13041.0,4263.9
2016-04-01,3,0,104793.06999999999,56.42857142857143,28,38483809392.0,13041.0,4263.9
2016-04-01,3,1,1207.29,43.0,3,38483809392.0,13041.0,4263.9
2016-04-01,3,2,71143.37,51.63934426229508,61,38483809392.0,13041.0,4263.9
2016-04-01,3,3,478445.51,52.68248175182482,274,38483809392.0,13041.0,4263.9
2016-07-01,0,0,308126.63,51.246212121212125,792,46516225982.0,13251.0,4263.9
2016-07-01,0,1,166747.7,44.617283950617285,81,46516225982.0,13251.0,4263.9
2016-07-01,0,2,563721.66,50.60329341317365,668,46516225982.0,13251.0,4263.9
2016-07-01,0,3,6123034.0,51.21384087887482,14291,46516225982.0,13251.0,4263.9
2016-07-01,1,0,183222.51,46.8968253968254,126,46516225982.0,13251.0,4263.9
2016-07-01,1,1,139920.12,42.27710843373494,83,46516225982.0,13251.0,4263.9
2016-07-01,1,2,325648.28,43.84,100,46516225982.0,13251.0,4263.9
2016-07-01,1,3,12549183.59,50.29,2800,46516225982.0,13251.0,4263.9
2016-07-01,2,0,51949915.51,56.584310978812816,22844,46516225982.0,13251.0,4263.9
2016-07-01,2,1,4773789.3,56.488408644400785,2545,46516225982.0,13251.0,4263.9
2016-07-01,2,2,26666915.21,56.307705871980254,11342,46516225982.0,13251.0,4263.9
2016-07-01,2,3,212831076.06,54.844049581730474,81885,46516225982.0,13251.0,4263.9
2016-07-01,3,0,106904.18000000001,56.96296296296296,27,46516225982.0,13251.0,4263.9
2016-07-01,3,1,1609.73,43.0,3,46516225982.0,13251.0,4263.9
2016-07-01,3,2,20755994.49,49.58471337579618,785,46516225982.0,13251.0,4263.9
2016-07-01,3,3,22076489.15,53.40340909090909,528,46516225982.0,13251.0,4263.9
2016-10-01,0,0,205112.62,51.31748466257669,652,25270883590.0,13277.0,4263.9
2016-10-01,0,1,47682.74,45.705882352941174,51,25270883590.0,13277.0,4263.9
2016-10-01,0,2,305177.43,50.20703125,512,25270883590.0,13277.0,4263.9
2016-10-01,0,3,5321901.8,51.17409400789379,13935,25270883590.0,13277.0,4263.9
2016-10-01,1,0,165847.93,48.358333333333334,120,25270883590.0,13277.0,4263.9
2016-10-01,1,1,173921.08000000002,42.292682926829265,82,25270883590.0,13277.0,4263.9
2016-10-01,1,2,766139.68,44.0625,128,25270883590.0,13277.0,4263.9
2016-10-01,1,3,18483667.42,49.542984869326,2908,25270883590.0,13277.0,4263.9
2016-10-01,2,0,61599024.85,56.76601712429879,27096,25270883590.0,13277.0,4263.9
2016-10-01,2,1,5293377.44,56.115082201572555,2798,25270883590.0,13277.0,4263.9
2016-10-01,2,2,26226991.41,55.78419642857143,11200,25270883590.0,13277.0,4263.9
2016-10-01,2,3,210613747.26,54.764068827112844,84211,25270883590.0,13277.0,4263.9
2016-10-01,3,0,64012.86,53.45454545454545,33,25270883590.0,13277.0,4263.9
2016-10-01,3,1,62121.909999999996,59.5,6,25270883590.0,13277.0,4263.9
2016-10-01,3,2,1435439.38,49.68611111111111,720,25270883590.0,13277.0,4263.9
2016-10-01,3,3,1003257.75,51.88195991091314,449,25270883590.0,13277.0,4263.9
2017-01-01,0,0,214746.86,51.026315789473685,646,32254059971.0,13569.0,4243.5
2017-01-01,0,1,86991.70000000001,44.72,50,32254059971.0,13569.0,4243.5
2017-01-01,0,2,276315.92,49.363408521303256,399,32254059971.0,13569.0,4243.5
2017-01-01,0,3,5231753.71,50.95218202163372,13405,32254059971.0,13569.0,4243.5
2017-01-01,1,0,193529.15,50.72727272727273,154,32254059971.0,13569.0,4243.5
2017-01-01,1,1,146971.03,41.93150684931507,73,32254059971.0,13569.0,4243.5
2017-01-01,1,2,495297.46,45.648275862068964,145,32254059971.0,13569.0,4243.5
2017-01-01,1,3,12734529.68,49.618741058655225,2796,32254059971.0,13569.0,4243.5
2017-01-01,2,0,83740513.34,56.58426580627446,29134,32254059971.0,13569.0,4243.5
2017-01-01,2,1,6372089.77,55.4736294240111,2882,32254059971.0,13569.0,4243.5
2017-01-01,2,2,32337014.75,55.36810466760962,11312,32254059971.0,13569.0,4243.5
2017-01-01,2,3,295730252.77,54.4931841010188,83628,32254059971.0,13569.0,4243.5
2017-01-01,3,0,67166.49,51.891891891891895,37,32254059971.0,13569.0,4243.5
2017-01-01,3,1,91869.86,47.875,8,32254059971.0,13569.0,4243.5
2017-01-01,3,2,1426311.13,49.77086280056577,707,32254059971.0,13569.0,4243.5
2017-01-01,3,3,1671042.69,49.87041564792176,409,32254059971.0,13569.0,4243.5
2017-04-01,0,0,190616.0,50.4212271973466,603,24167326032.0,13834.0,4243.5
2017-04-01,0,1,42276.25,44.916666666666664,48,24167326032.0,13834.0,4243.5
2017-04-01,0,2,412145.32,49.30167597765363,358,24167326032.0,13834.0,4243.5
2017-04-01,0,3,4818943.47,50.817860231113904,12721,24167326032.0,13834.0,4243.5
2017-04-01,1,0,224486.48,50.3,160,24167326032.0,13834.0,4243.5
2017-04-01,1,1,10075128.87,52.41121495327103,107,24167326032.0,13834.0,4243.5
2017-04-01,1,2,622317.03,44.263803680981596,163,24167326032.0,13834.0,4243.5
2017-04-01,1,3,13842910.86,49.15227900552486,2896,24167326032.0,13834.0,4243.5
2017-04-01,2,0,72710149.61,56.50308421088505,29343,24167326032.0,13834.0,4243.5
2017-04-01,2,1,6068510.52,55.39111842105263,3040,24167326032.0,13834.0,4243.5
2017-04-01,2,2,27568763.15,55.09170068027211,11025,24167326032.0,13834.0,4243.5
2017-04-01,2,3,226719702.54,54.4131025241734,82839,24167326032.0,13834.0,4243.5
2017-04-01,3,0,111585.5,52.885714285714286,35,24167326032.0,13834.0,4243.5
2017-04-01,3,1,1207.29,43.0,3,24167326032.0,13834.0,4243.5
2017-04-01,3,2,1244176.47,49.80027932960894,716,24167326032.0,13834.0,4243.5
2017-04-01,3,3,855466.09,50.015625,320,24167326032.0,13834.0,4243.5
2017-07-01,0,0,205917.36,50.213689482470784,599,23038211567.0,13760.0,4243.5
2017-07-01,0,1,48536.41,43.58490566037736,53,23038211567.0,13760.0,4243.5
2017-07-01,0,2,326794.4,48.92920353982301,339,23038211567.0,13760.0,4243.5
2017-07-01,0,3,4828057.65,50.719951729686244,12430,23038211567.0,13760.0,4243.5
2017-07-01,1,0,258346.34,51.06666666666667,180,23038211567.0,13760.0,4243.5
2017-07-01,1,1,169843.18,45.458333333333336,72,23038211567.0,13760.0,4243.5
2017-07-01,1,2,643721.39,45.23353293413174,167,23038211567.0,13760.0,4243.5
2017-07-01,1,3,15177329.66,49.36046511627907,2838,23038211567.0,13760.0,4243.5
2017-07-01,2,0,70694718.95,56.18293622867866,29841,23038211567.0,13760.0,4243.5
2017-07-01,2,1,5424582.82,54.68813087365123,2873,23038211567.0,13760.0,4243.5
2017-07-01,2,2,26359460.79,54.88628359592215,10790,23038211567.0,13760.0,4243.5
2017-07-01,2,3,234673478.07,54.14149924389717,78693,23038211567.0,13760.0,4243.5
2017-07-01,3,0,61613.7,56.666666666666664,27,23038211567.0,13760.0,4243.5
2017-07-01,3,1,1207.29,43.0,3,23038211567.0,13760.0,4243.5
2017-07-01,3,2,1775704.47,49.6261319534282,773,23038211567.0,13760.0,4243.5
2017-07-01,3,3,935237.18,52.546139359698685,531,23038211567.0,13760.0,4243.5
2017-10-01,0,0,189364.33,49.97548161120841,571,15957336731.0,14016.0,4243.5
2017-10-01,0,1,35686.909999999996,44.84782608695652,46,15957336731.0,14016.0,4243.5
2017-10-01,0,2,195039.65,48.55223880597015,335,15957336731.0,14016.0,4243.5
2017-10-01,0,3,4526818.19,50.60364389233955,12075,15957336731.0,14016.0,4243.5
2017-10-01,1,0,359848.61,50.117924528301884,212,15957336731.0,14016.0,4243.5
2017-10-01,1,1,250110.63,46.01063829787234,94,15957336731.0,14016.0,4243.5
2017-10-01,1,2,870711.14,45.0,166,15957336731.0,14016.0,4243.5
2017-10-01,1,3,21118727.25,49.01006289308176,3180,15957336731.0,14016.0,4243.5
2017-10-01,2,0,69108144.05,55.59296517762927,28430,15957336731.0,14016.0,4243.5
2017-10-01,2,1,6485232.77,54.0124876766349,3043,15957336731.0,14016.0,4243.5
2017-10-01,2,2,25006355.68,54.29409070087036,10915,15957336731.0,14016.0,4243.5
2017-10-01,2,3,214116678.73,53.6978429853283,80018,15957336731.0,14016.0,4243.5
2017-10-01,3,0,61573.05,56.666666666666664,27,15957336731.0,14016.0,4243.5
2017-10-01,3,1,27197.53,56.2,5,15957336731.0,14016.0,4243.5
2017-10-01,3,2,1965045.63,49.41708542713568,796,15957336731.0,14016.0,4243.5
2017-10-01,3,3,2306439.22,50.88167938931298,524,15957336731.0,14016.0,4243.5
2018-01-01,0,0,185510.71,49.707360861759426,557,52441577468.0,14313.0,3969.5
2018-01-01,0,1,29755.95,44.951219512195124,41,52441577468.0,14313.0,3969.5
2018-01-01,0,2,220982.83,48.16981132075472,318,52441577468.0,14313.0,3969.5
2018-01-01,0,3,4259754.88,50.445646573930965,11646,52441577468.0,14313.0,3969.5
2018-01-01,1,0,362986.56,49.17766497461929,197,52441577468.0,14313.0,3969.5
2018-01-01,1,1,271264.57,45.08,100,52441577468.0,14313.0,3969.5
2018-01-01,1,2,670823.66,44.467455621301774,169,52441577468.0,14313.0,3969.5
2018-01-01,1,3,14825557.89,48.39485420240137,2915,52441577468.0,14313.0,3969.5
2018-01-01,2,0,90726693.27,55.38653342698423,31322,52441577468.0,14313.0,3969.5
2018-01-01,2,1,8699957.15,54.16046511627907,3440,52441577468.0,14313.0,3969.5
2018-01-01,2,2,35476213.88,54.12531409580935,12337,52441577468.0,14313.0,3969.5
2018-01-01,2,3,342230212.95,53.56630263491399,90743,52441577468.0,14313.0,3969.5
2018-01-01,3,0,61573.05,56.666666666666664,27,52441577468.0,14313.0,3969.5
2018-01-01,3,1,62577.21,59.5,4,52441577468.0,14313.0,3969.5
2018-01-01,3,2,2170290.53,49.21071863580999,821,52441577468.0,14313.0,3969.5
2018-01-01,3,3,1944014.77,49.86818181818182,660,52441577468.0,14313.0,3969.5
2018-04-01,0,0,193856.44,49.57418111753372,519,39963838272.0,14314.0,3969.5
2018-04-01,0,1,25161.41,44.588235294117645,34,39963838272.0,14314.0,3969.5
2018-04-01,0,2,288519.42,48.07717041800643,311,39963838272.0,14314.0,3969.5
2018-04-01,0,3,4272024.72,50.29118638056393,11278,39963838272.0,14314.0,3969.5
2018-04-01,1,0,346738.15,49.50574712643678,174,39963838272.0,14314.0,3969.5
2018-04-01,1,1,301245.5,45.0873786407767,103,39963838272.0,14314.0,3969.5
2018-04-01,1,2,698751.84,43.608938547486034,179,39963838272.0,14314.0,3969.5
2018-04-01,1,3,32220773.26,48.13950227830354,2853,39963838272.0,14314.0,3969.5
2018-04-01,2,0,76171231.62,55.45809788334451,31323,39963838272.0,14314.0,3969.5
2018-04-01,2,1,7546031.99,54.11613876319759,3315,39963838272.0,14314.0,3969.5
2018-04-01,2,2,29394749.79,54.06752529898804,10870,39963838272.0,14314.0,3969.5
2018-04-01,2,3,246793822.92,53.40851246249005,81645,39963838272.0,14314.0,3969.5
2018-04-01,3,0,62377.93,56.666666666666664,27,39963838272.0,14314.0,3969.5
2018-04-01,3,1,1609.72,43.0,4,39963838272.0,14314.0,3969.5
2018-04-01,3,2,1733015.18,49.105582524271846,824,39963838272.0,14314.0,3969.5
2018-04-01,3,3,1504334.52,49.22849807445443,779,39963838272.0,14314.0,3969.5
2018-07-01,0,0,197676.52,49.44045368620038,529,42554020342.0,13972.0,3969.5
2018-07-01,0,1,24905.97,42.52777777777778,36,42554020342.0,13972.0,3969.5
2018-07-01,0,2,290446.29000000004,47.876254180602004,299,42554020342.0,13972.0,3969.5
2018-07-01,0,3,4212570.21,50.21631333093784,11132,42554020342.0,13972.0,3969.5
2018-07-01,1,0,302741.81,55.78847969782814,1059,42554020342.0,13972.0,3969.5
2018-07-01,1,1,387057.45,58.24055829228243,1218,42554020342.0,13972.0,3969.5
2018-07-01,1,2,671377.51,56.5573476702509,1674,42554020342.0,13972.0,3969.5
2018-07-01,1,3,15042283.27,54.38157602663707,9010,42554020342.0,13972.0,3969.5
2018-07-01,2,0,69924615.68,55.092014903565165,27376,42554020342.0,13972.0,3969.5
2018-07-01,2,1,6853685.08,53.79529170931423,2931,42554020342.0,13972.0,3969.5
2018-07-01,2,2,26590251.74,53.886433854508006,10681,42554020342.0,13972.0,3969.5
2018-07-01,2,3,248512567.22,53.1859022313943,77530,42554020342.0,13972.0,3969.5
2018-07-01,3,0,49499.88,55.875,24,42554020342.0,13972.0,3969.5
2018-07-01,3,1,1207.29,43.0,3,42554020342.0,13972.0,3969.5
2018-07-01,3,2,1659312.58,49.21090909090909,825,42554020342.0,13972.0,3969.5
2018-07-01,3,3,2001000.25,48.792410714285715,896,42554020342.0,13972.0,3969.5
2018-10-01,0,0,164066.04,49.319688109161795,513,5558291496.0,13430.0,3969.5
2018-10-01,0,1,17934.07,41.666666666666664,33,5558291496.0,13430.0,3969.5
2018-10-01,0,2,235179.61000000002,47.92758620689655,290,5558291496.0,13430.0,3969.5
2018-10-01,0,3,3847446.48,50.08511029411765,10880,5558291496.0,13430.0,3969.5
2018-10-01,1,0,338276.63,49.597989949748744,199,5558291496.0,13430.0,3969.5
2018-10-01,1,1,386171.59,44.94308943089431,123,5558291496.0,13430.0,3969.5
2018-10-01,1,2,807261.08,43.905660377358494,159,5558291496.0,13430.0,3969.5
2018-10-01,1,3,19099265.93,47.598811757348344,3198,5558291496.0,13430.0,3969.5
2018-10-01,2,0,70862319.06,54.72300021995748,27278,5558291496.0,13430.0,3969.5
2018-10-01,2,1,6835029.34,53.67977915804003,2898,5558291496.0,13430.0,3969.5
2018-10-01,2,2,26158585.11,53.59832246039143,10730,5558291496.0,13430.0,3969.5
2018-10-01,2,3,227868573.1,52.895390048236244,78157,5558291496.0,13430.0,3969.5
2018-10-01,3,0,44670.63,55.57142857142857,21,5558291496.0,13430.0,3969.5
2018-10-01,3,1,2713.2,41.75,4,5558291496.0,13430.0,3969.5
2018-10-01,3,2,2060585.58,49.16971916971917,819,5558291496.0,13430.0,3969.5
2018-10-01,3,3,1955526.33,48.7739221871714,951,5558291496.0,13430.0,3969.5
2019-01-01,0,0,161332.0,49.02169625246548,507,56001063840.0,13715.0,3658.5
2019-01-01,0,1,21509.83,41.15151515151515,33,56001063840.0,13715.0,3658.5
2019-01-01,0,2,216942.34,47.82899628252788,269,56001063840.0,13715.0,3658.5
2019-01-01,0,3,3936283.63,49.915273665106504,10469,56001063840.0,13715.0,3658.5
2019-01-01,1,0,295977.85,48.55357142857143,168,56001063840.0,13715.0,3658.5
2019-01-01,1,1,322276.59,44.14912280701754,114,56001063840.0,13715.0,3658.5
2019-01-01,1,2,713230.17,43.53947368421053,152,56001063840.0,13715.0,3658.5
2019-01-01,1,3,15273276.88,46.983050847457626,2950,56001063840.0,13715.0,3658.5
2019-01-01,2,0,94937168.82,54.212751449028296,29330,56001063840.0,13715.0,3658.5
2019-01-01,2,1,8672861.9,54.0089628681178,3124,56001063840.0,13715.0,3658.5
2019-01-01,2,2,36587410.61,53.34539130434783,11500,56001063840.0,13715.0,3658.5
2019-01-01,2,3,354575390.53,52.65686110646833,89745,56001063840.0,13715.0,3658.5
2019-01-01,3,0,44670.63,55.57142857142857,21,56001063840.0,13715.0,3658.5
2019-01-01,3,1,6234.389999999999,40.5,6,56001063840.0,13715.0,3658.5
2019-01-01,3,2,1880059.51,48.90613266583229,799,56001063840.0,13715.0,3658.5
2019-01-01,3,3,2168909.96,48.58935742971887,996,56001063840.0,13715.0,3658.5
2019-04-01,0,0,161608.43,48.73029045643153,482,43574389618.0,13762.0,3658.5
2019-04-01,0,1,24938.92,41.714285714285715,35,43574389618.0,13762.0,3658.5
2019-04-01,0,2,259633.32,47.56317689530686,277,43574389618.0,13762.0,3658.5
2019-04-01,0,3,3712945.26,49.822552103814395,10172,43574389618.0,13762.0,3658.5
2019-04-01,1,0,345260.62,47.39108910891089,202,43574389618.0,13762.0,3658.5
2019-04-01,1,1,382077.77,42.941605839416056,137,43574389618.0,13762.0,3658.5
2019-04-01,1,2,701176.74,42.833333333333336,162,43574389618.0,13762.0,3658.5
2019-04-01,1,3,16631344.6,46.837058632977,3087,43574389618.0,13762.0,3658.5
2019-04-01,2,0,77055536.48,54.353072098199235,29654,43574389618.0,13762.0,3658.5
2019-04-01,2,1,7345978.58,53.5302130632204,2863,43574389618.0,13762.0,3658.5
2019-04-01,2,2,30997442.25,53.29907610248595,10499,43574389618.0,13762.0,3658.5
2019-04-01,2,3,257434492.07,52.61967213114754,80215,43574389618.0,13762.0,3658.5
2019-04-01,3,0,45475.51,55.57142857142857,21,43574389618.0,13762.0,3658.5
2019-04-01,3,1,6377.32,40.5,6,43574389618.0,13762.0,3658.5
2019-04-01,3,2,1808159.68,48.736777367773676,813,43574389618.0,13762.0,3658.5
2019-04-01,3,3,2008256.45,48.65060240963855,996,43574389618.0,13762.0,3658.5
2019-07-01,0,0,152781.57,48.60612244897959,490,41565182999.0,14323.0,3658.5
2019-07-01,0,1,27231.05,42.32432432432432,37,41565182999.0,14323.0,3658.5
2019-07-01,0,2,235161.86000000002,47.610344827586204,290,41565182999.0,14323.0,3658.5
2019-07-01,0,3,4146779.84,49.76242175273865,10224,41565182999.0,14323.0,3658.5
2019-07-01,1,0,441229.39,47.8,255,41565182999.0,14323.0,3658.5
2019-07-01,1,1,422903.06,43.43589743589744,156,41565182999.0,14323.0,3658.5
2019-07-01,1,2,1177084.7,42.04932735426009,223,41565182999.0,14323.0,3658.5
2019-07-01,1,3,22198640.73,46.675170572530405,3371,41565182999.0,14323.0,3658.5
2019-07-01,2,0,69382165.62,54.009284134007586,25312,41565182999.0,14323.0,3658.5
2019-07-01,2,1,6435289.84,53.52504440497336,2815,41565182999.0,14323.0,3658.5
2019-07-01,2,2,27283999.04,53.17884178652536,10568,41565182999.0,14323.0,3658.5
2019-07-01,2,3,233833716.37,52.32418975672891,75718,41565182999.0,14323.0,3658.5
2019-07-01,3,0,44670.63,55.57142857142857,21,41565182999.0,14323.0,3658.5
2019-07-01,3,1,7042.17,40.5,6,41565182999.0,14323.0,3658.5
2019-07-01,3,2,1805751.01,48.66051660516605,813,41565182999.0,14323.0,3658.5
2019-07-01,3,3,2432502.61,48.76156941649899,994,41565182999.0,14323.0,3658.5
2019-10-01,0,0,177372.97,48.05749486652977,487,37177853871.0,14941.0,3658.5
2019-10-01,0,1,29785.35,43.225,40,37177853871.0,14941.0,3658.5
2019-10-01,0,2,337304.52,47.8235294117647,340,37177853871.0,14941.0,3658.5
2019-10-01,0,3,3969976.64,49.66914425427873,10225,37177853871.0,14941.0,3658.5
2019-10-01,1,0,512159.66,46.043956043956044,273,37177853871.0,14941.0,3658.5
2019-10-01,1,1,445699.09,43.49707602339181,171,37177853871.0,14941.0,3658.5
2019-10-01,1,2,939734.47,41.64678899082569,218,37177853871.0,14941.0,3658.5
2019-10-01,1,3,21049202.84,46.778067885117494,3447,37177853871.0,14941.0,3658.5
2019-10-01,2,0,70473865.36,53.675253891699015,25503,37177853871.0,14941.0,3658.5
2019-10-01,2,1,6600339.54,53.257243816254416,2830,37177853871.0,14941.0,3658.5
2019-10-01,2,2,26345084.85,52.790026767126,10087,37177853871.0,14941.0,3658.5
2019-10-01,2,3,225060906.53,52.06591152690847,75571,37177853871.0,14941.0,3658.5
2019-10-01,3,0,44670.63,55.57142857142857,21,37177853871.0,14941.0,3658.5
2019-10-01,3,1,6552.42,40.0,5,37177853871.0,14941.0,3658.5
2019-10-01,3,2,2030085.77,48.596296296296295,810,37177853871.0,14941.0,3658.5
2019-10-01,3,3,2243605.06,48.723684210526315,988,37177853871.0,14941.0,3658.5
2020-01-01,0,0,166402.0,47.69151138716356,483,95183766034.0,15142.0,3464.8
2020-01-01,0,1,31869.75,43.06976744186046,43,95183766034.0,15142.0,3464.8
2020-01-01,0,2,240119.78,47.92011834319526,338,95183766034.0,15142.0,3464.8
2020-01-01,0,3,3863525.67,49.683645045762034,10052,95183766034.0,15142.0,3464.8
2020-01-01,1,0,454637.54,45.976190476190474,252,95183766034.0,15142.0,3464.8
2020-01-01,1,1,432535.98,43.31901840490798,163,95183766034.0,15142.0,3464.8
2020-01-01,1,2,942699.42,41.13636363636363,242,95183766034.0,15142.0,3464.8
2020-01-01,1,3,21294178.87,46.276541640178,3146,95183766034.0,15142.0,3464.8
2020-01-01,2,0,96880959.51,53.33608055326621,27907,95183766034.0,15142.0,3464.8
2020-01-01,2,1,8809897.19,53.10837606837607,2925,95183766034.0,15142.0,3464.8
2020-01-01,2,2,36788591.31,52.64121866973696,11291,95183766034.0,15142.0,3464.8
2020-01-01,2,3,329306005.09,51.887673498316694,84655,95183766034.0,15142.0,3464.8
2020-01-01,3,0,43060.89,54.578947368421055,19,95183766034.0,15142.0,3464.8
2020-01-01,3,1,6945.66,41.125,8,95183766034.0,15142.0,3464.8
2020-01-01,3,2,2172404.48,48.6328320802005,798,95183766034.0,15142.0,3464.8
2020-01-01,3,3,2471315.0,48.9374358974359,975,95183766034.0,15142.0,3464.8
2020-04-01,0,0,151910.19,47.33257403189066,439,94492237723.0,15271.0,3464.8
2020-04-01,0,1,45284.38,41.111111111111114,45,94492237723.0,15271.0,3464.8
2020-04-01,0,2,332779.17,48.02670623145401,337,94492237723.0,15271.0,3464.8
2020-04-01,0,3,4132295.34,49.62162710488943,9858,94492237723.0,15271.0,3464.8
2020-04-01,1,0,484974.83,46.12582781456954,302,94492237723.0,15271.0,3464.8
2020-04-01,1,1,595411.3,44.794736842105266,190,94492237723.0,15271.0,3464.8
2020-04-01,1,2,1133987.33,41.21632653061224,245,94492237723.0,15271.0,3464.8
2020-04-01,1,3,21207534.25,45.81803946132164,3193,94492237723.0,15271.0,3464.8
2020-04-01,2,0,76334675.65,53.36155363928676,27368,94492237723.0,15271.0,3464.8
2020-04-01,2,1,7076968.42,52.95973154362416,2682,94492237723.0,15271.0,3464.8
2020-04-01,2,2,30416174.25,52.63256955810147,9776,94492237723.0,15271.0,3464.8
2020-04-01,2,3,286132407.14,51.81077016047808,74465,94492237723.0,15271.0,3464.8
2020-04-01,3,0,68898.65,54.12903225806452,31,94492237723.0,15271.0,3464.8
2020-04-01,3,1,13305.97,39.375,16,94492237723.0,15271.0,3464.8
2020-04-01,3,2,2375205.74,48.44243070362474,938,94492237723.0,15271.0,3464.8
2020-04-01,3,3,2278035.2,48.869602763385146,1158,94492237723.0,15271.0,3464.8
2020-07-01,0,0,233042.34,47.28251121076233,446,96153321471.0,15492.0,3464.8
2020-07-01,0,1,54552.7,40.43478260869565,46,96153321471.0,15492.0,3464.8
2020-07-01,0,2,285022.85,47.76407506702413,373,96153321471.0,15492.0,3464.8
2020-07-01,0,3,4305932.96,49.540260815566135,9662,96153321471.0,15492.0,3464.8
2020-07-01,1,0,503892.83,45.42483660130719,306,96153321471.0,15492.0,3464.8
2020-07-01,1,1,630118.15,44.82741116751269,197,96153321471.0,15492.0,3464.8
2020-07-01,1,2,1011754.85,41.86904761904762,252,96153321471.0,15492.0,3464.8
2020-07-01,1,3,23119139.25,46.1452205882353,3264,96153321471.0,15492.0,3464.8
2020-07-01,2,0,72228123.87,53.193005127350034,23989,96153321471.0,15492.0,3464.8
2020-07-01,2,1,6934082.95,52.94079200307574,2601,96153321471.0,15492.0,3464.8
2020-07-01,2,2,28228189.39,52.533966087234724,9377,96153321471.0,15492.0,3464.8
2020-07-01,2,3,246506771.31,51.6712378606812,71462,96153321471.0,15492.0,3464.8
2020-07-01,3,0,182344.8,52.026666666666664,75,96153321471.0,15492.0,3464.8
2020-07-01,3,1,18313.829999999998,41.523809523809526,21,96153321471.0,15492.0,3464.8
2020-07-01,3,2,4280402.94,48.1475113122172,1105,96153321471.0,15492.0,3464.8
2020-07-01,3,3,3373570.56,48.96488549618321,1310,96153321471.0,15492.0,3464.8
2020-10-01,0,0,158544.84,47.47757847533632,446,67248342458.0,15272.0,3464.8
2020-10-01,0,1,49918.57,40.023809523809526,42,67248342458.0,15272.0,3464.8
2020-10-01,0,2,283112.16,47.52791878172589,394,67248342458.0,15272.0,3464.8
2020-10-01,0,3,4311670.43,49.43923805643272,9817,67248342458.0,15272.0,3464.8
2020-10-01,1,0,612277.89,46.857971014492755,345,67248342458.0,15272.0,3464.8
2020-10-01,1,1,619214.71,45.125,216,67248342458.0,15272.0,3464.8
2020-10-01,1,2,1463595.49,43.11267605633803,284,67248342458.0,15272.0,3464.8
2020-10-01,1,3,26063667.71,46.04298434141848,3257,67248342458.0,15272.0,3464.8
2020-10-01,2,0,70989107.12,52.94079606141522,23968,67248342458.0,15272.0,3464.8
2020-10-01,2,1,6763074.3,52.65501519756839,2632,67248342458.0,15272.0,3464.8
2020-10-01,2,2,26720474.87,52.16906019007392,9470,67248342458.0,15272.0,3464.8
2020-10-01,2,3,223328260.86,51.46001318169707,71311,67248342458.0,15272.0,3464.8
2020-10-01,3,0,256955.69,51.8235294117647,85,67248342458.0,15272.0,3464.8
2020-10-01,3,1,8816.1,42.0,7,67248342458.0,15272.0,3464.8
2020-10-01,3,2,4010640.4,47.75460636515913,1194,67248342458.0,15272.0,3464.8
2020-10-01,3,3,3575931.52,48.42108938547486,1432,67248342458.0,15272.0,3464.8
2021-01-01,0,0,181429.73,47.544642857142854,448,83004665198.0,15096.0,4321.3
2021-01-01,0,1,53983.6,40.644444444444446,45,83004665198.0,15096.0,4321.3
2021-01-01,0,2,336515.39,47.52970297029703,404,83004665198.0,15096.0,4321.3
2021-01-01,0,3,4667770.1899999995,49.30639000722618,9687,83004665198.0,15096.0,4321.3
2021-01-01,1,0,724026.59,46.08278145695364,302,83004665198.0,15096.0,4321.3
2021-01-01,1,1,598610.18,44.62735849056604,212,83004665198.0,15096.0,4321.3
2021-01-01,1,2,1131392.01,43.386617100371744,269,83004665198.0,15096.0,4321.3
2021-01-01,1,3,29647011.07,46.23620981387479,2955,83004665198.0,15096.0,4321.3
2021-01-01,2,0,88341369.05,52.88723157066297,26683,83004665198.0,15096.0,4321.3
2021-01-01,2,1,7392668.4,52.813143046797215,3013,83004665198.0,15096.0,4321.3
2021-01-01,2,2,35656716.48,51.863994142412594,10926,83004665198.0,15096.0,4321.3
2021-01-01,2,3,271807616.33,51.23062536220431,75924,83004665198.0,15096.0,4321.3
2021-01-01,3,0,307674.52,53.0,103,83004665198.0,15096.0,4321.3
2021-01-01,3,1,13502.45,42.4,15,83004665198.0,15096.0,4321.3
2021-01-01,3,2,5621675.78,47.66052842273819,1249,83004665198.0,15096.0,4321.3
2021-01-01,3,3,4531600.38,48.67168863779033,1593,83004665198.0,15096.0,4321.3
2021-04-01,0,0,202118.36,47.32258064516129,434,99104081043.0,14572.0,4321.3
2021-04-01,0,1,56666.51,41.56521739130435,46,99104081043.0,14572.0,4321.3
2021-04-01,0,2,281197.92,47.59810874704492,423,99104081043.0,14572.0,4321.3
2021-04-01,0,3,4608480.65,49.21877963958268,9489,99104081043.0,14572.0,4321.3
2021-04-01,1,0,580102.15,46.3739837398374,246,99104081043.0,14572.0,4321.3
2021-04-01,1,1,530442.9,44.80813953488372,172,99104081043.0,14572.0,4321.3
2021-04-01,1,2,934846.17,44.44131455399061,213,99104081043.0,14572.0,4321.3
2021-04-01,1,3,15403120.23,45.86574531095755,2026,99104081043.0,14572.0,4321.3
2021-04-01,2,0,86372121.32,52.54234872703463,25963,99104081043.0,14572.0,4321.3
2021-04-01,2,1,8536089.71,52.575319435104234,2974,99104081043.0,14572.0,4321.3
2021-04-01,2,2,33264663.87,51.68484231943032,9830,99104081043.0,14572.0,4321.3
2021-04-01,2,3,343311112.88,51.020778089998814,75801,99104081043.0,14572.0,4321.3
2021-04-01,3,0,336084.22000000003,50.630208333333336,192,99104081043.0,14572.0,4321.3
2021-04-01,3,1,13160.64,43.88235294117647,17,99104081043.0,14572.0,4321.3
2021-04-01,3,2,3981913.75,47.658371040723985,1326,99104081043.0,14572.0,4321.3
2021-04-01,3,3,4523451.17,48.68947087119188,1871,99104081043.0,14572.0,4321.3
2021-07-01,0,0,202600.94,46.753488372093024,430,99104081043.0,14576.0,4321.3
2021-07-01,0,1,110163.2,44.107142857142854,56,99104081043.0,14576.0,4321.3
2021-07-01,0,2,327363.68,47.90909090909091,462,99104081043.0,14576.0,4321.3
2021-07-01,0,3,4555120.34,49.038278523844774,9457,99104081043.0,14576.0,4321.3
2021-07-01,1,0,1009949.5700000001,45.41340782122905,358,99104081043.0,14576.0,4321.3
2021-07-01,1,1,693485.22,45.333333333333336,237,99104081043.0,14576.0,4321.3
2021-07-01,1,2,1246049.22,44.40247678018576,323,99104081043.0,14576.0,4321.3
2021-07-01,1,3,21942860.77,44.731816486385675,2681,99104081043.0,14576.0,4321.3
2021-07-01,2,0,75923187.21,52.44148524223389,23242,99104081043.0,14576.0,4321.3
2021-07-01,2,1,7342941.2700000005,52.02441906262308,2539,99104081043.0,14576.0,4321.3
2021-07-01,2,2,28987206.7,51.013996239816166,9574,99104081043.0,14576.0,4321.3
2021-07-01,2,3,253138270.77,50.87283770168443,70469,99104081043.0,14576.0,4321.3
2021-07-01,3,0,392618.99,50.36138613861386,202,99104081043.0,14576.0,4321.3
2021-07-01,3,1,13046.48,46.94117647058823,17,99104081043.0,14576.0,4321.3
2021-07-01,3,2,4716903.22,47.378151260504204,1428,99104081043.0,14576.0,4321.3
2021-07-01,3,3,5832852.89,48.333969465648856,2096,99104081043.0,14576.0,4321.3
2021-10-01,0,0,169381.77,46.49523809523809,420,61497152069.0,13675.0,4321.3
2021-10-01,0,1,95772.05,42.776119402985074,67,61497152069.0,13675.0,4321.3
2021-10-01,0,2,387952.95,47.82172131147541,488,61497152069.0,13675.0,4321.3
2021-10-01,0,3,5079219.34,48.97828367603861,9532,61497152069.0,13675.0,4321.3
2021-10-01,1,0,940861.1,47.423376623376626,385,61497152069.0,13675.0,4321.3
2021-10-01,1,1,775291.27,47.20682302771855,469,61497152069.0,13675.0,4321.3
2021-10-01,1,2,1349060.18,44.56190476190476,315,61497152069.0,13675.0,4321.3
2021-10-01,1,3,23658085.54,45.29921875,2560,61497152069.0,13675.0,4321.3
2021-10-01,2,0,77746853.54,52.10068120474701,23341,61497152069.0,13675.0,4321.3
2021-10-01,2,1,7160250.49,51.49274778404512,2482,61497152069.0,13675.0,4321.3
2021-10-01,2,2,30207944.67,50.478361747200644,9913,61497152069.0,13675.0,4321.3
2021-10-01,2,3,262487135.95,50.563715953307394,71960,61497152069.0,13675.0,4321.3
2021-10-01,3,0,369905.65,50.125,184,61497152069.0,13675.0,4321.3
2021-10-01,3,1,24942.05,46.92857142857143,28,61497152069.0,13675.0,4321.3
2021-10-01,3,2,5312788.14,47.14620253164557,1580,61497152069.0,13675.0,4321.3
2021-10-01,3,3,6516293.16,48.19803308001788,2237,61497152069.0,13675.0,4321.3
2022-01-01,0,0,154307.46,46.093023255813954,301,63579147654.0,12899.0,3630.5
2022-01-01,0,1,98596.52,43.4,55,63579147654.0,12899.0,3630.5
2022-01-01,0,2,324331.47,48.458666666666666,375,63579147654.0,12899.0,3630.5
2022-01-01,0,3,3872371.43,49.09891784788904,6561,63579147654.0,12899.0,3630.5
2022-01-01,1,0,722779.0,46.6415770609319,279,63579147654.0,12899.0,3630.5
2022-01-01,1,1,754450.96,45.41776315789474,304,63579147654.0,12899.0,3630.5
2022-01-01,1,2,1011206.6900000001,43.74545454545454,275,63579147654.0,12899.0,3630.5
2022-01-01,1,3,18931516.19,44.91329739442947,2226,63579147654.0,12899.0,3630.5
2022-01-01,2,0,26663596.65,52.136819862651876,7572,63579147654.0,12899.0,3630.5
2022-01-01,2,1,2136928.87,51.16618911174785,698,63579147654.0,12899.0,3630.5
2022-01-01,2,2,10190914.34,50.407085561497325,2992,63579147654.0,12899.0,3630.5
2022-01-01,2,3,83242917.63,50.56100169325372,22442,63579147654.0,12899.0,3630.5
2022-01-01,3,0,439598.07,51.05084745762712,118,63579147654.0,12899.0,3630.5
2022-01-01,3,1,20652.21,45.94736842105263,19,63579147654.0,12899.0,3630.5
2022-01-01,3,2,3863174.33,47.06086142322097,1068,63579147654.0,12899.0,3630.5
2022-01-01,3,3,4999842.06,48.032456631225514,1787,63579147654.0,12899.0,3630.5
